measure,location,sex,age,cause,metric,year,val,upper,lower
Deaths,Italy,Male,30-34 years,Atrial fibrillation and flutter,Rate,2003,0.02173174266833986,0.02733807224972357,0.010215124680050218
Deaths,Italy,Female,30-34 years,Atrial fibrillation and flutter,Rate,2003,0.011268490174851214,0.012399299146713524,0.009896416802711729
Deaths,Italy,Both,30-34 years,Atrial fibrillation and flutter,Rate,2003,0.016546026389404816,0.019621307283367327,0.01044867684695174
Deaths,Italy,Male,35-39 years,Atrial fibrillation and flutter,Rate,2003,0.04496792049892706,0.056798624988066704,0.02708515610829886
Deaths,Italy,Female,35-39 years,Atrial fibrillation and flutter,Rate,2003,0.020727024991491823,0.023906625589247398,0.010912610253359135
Deaths,Italy,Both,35-39 years,Atrial fibrillation and flutter,Rate,2003,0.03291522491490538,0.039072278962801285,0.021346338911051563
Deaths,Italy,Male,40-44 years,Atrial fibrillation and flutter,Rate,2003,0.1679139191942188,0.20216799700625038,0.10007558508870061
Deaths,Italy,Female,40-44 years,Atrial fibrillation and flutter,Rate,2003,0.09837752710356165,0.111205568657732,0.06425472234807034
Deaths,Italy,Both,40-44 years,Atrial fibrillation and flutter,Rate,2003,0.1331030584337509,0.15085303271408307,0.09367943387288992
Deaths,Italy,Male,45-49 years,Atrial fibrillation and flutter,Rate,2003,0.314743130450465,0.403047096006348,0.189408412838411
Deaths,Italy,Female,45-49 years,Atrial fibrillation and flutter,Rate,2003,0.1724687247570958,0.19554687432569348,0.13167012314356505
Deaths,Italy,Both,45-49 years,Atrial fibrillation and flutter,Rate,2003,0.24304664043482746,0.29465037623667345,0.17727637322452905
Deaths,Italy,Male,50-54 years,Atrial fibrillation and flutter,Rate,2003,0.6535615352582285,0.929190441488377,0.43612213031376673
Deaths,Italy,Female,50-54 years,Atrial fibrillation and flutter,Rate,2003,0.38011839829324295,0.4745302649892331,0.2998550756644399
Deaths,Italy,Both,50-54 years,Atrial fibrillation and flutter,Rate,2003,0.5146829180067392,0.6474550676533429,0.4019352292360222
Deaths,Italy,Male,55-59 years,Atrial fibrillation and flutter,Rate,2003,1.496260409176488,2.1879103069512142,1.0955612145941924
Deaths,Italy,Female,55-59 years,Atrial fibrillation and flutter,Rate,2003,0.9067000750100265,1.207436285431329,0.7934046485592133
Deaths,Italy,Both,55-59 years,Atrial fibrillation and flutter,Rate,2003,1.1944884632176467,1.5708629156903278,0.9898304473545242
Deaths,Italy,Male,60-64 years,Atrial fibrillation and flutter,Rate,2003,3.3518671009527456,5.099086513946007,2.4818750787825823
Deaths,Italy,Female,60-64 years,Atrial fibrillation and flutter,Rate,2003,2.161261257014003,2.8193153485977476,2.0019453429814
Deaths,Italy,Both,60-64 years,Atrial fibrillation and flutter,Rate,2003,2.7306496750700604,3.7006733645675514,2.321248649772701
Deaths,Italy,Male,65-69 years,Atrial fibrillation and flutter,Rate,2003,7.534835129059276,10.985385144029582,5.40280885065782
Deaths,Italy,Female,65-69 years,Atrial fibrillation and flutter,Rate,2003,5.514547262245852,7.669499205062384,4.931735898878121
Deaths,Italy,Both,65-69 years,Atrial fibrillation and flutter,Rate,2003,6.453443076432237,8.623596362157024,5.440349585955752
Deaths,Italy,Male,70-74 years,Atrial fibrillation and flutter,Rate,2003,19.234121584400604,28.84747351437024,14.28385192728585
Deaths,Italy,Female,70-74 years,Atrial fibrillation and flutter,Rate,2003,15.37299788811769,21.73411851371806,13.47863231563889
Deaths,Italy,Both,70-74 years,Atrial fibrillation and flutter,Rate,2003,17.072237903414276,22.049240579097788,14.724060152536367
Deaths,Italy,Male,75-79 years,Atrial fibrillation and flutter,Rate,2003,43.357625563533766,65.72041347417492,31.58577339293219
Deaths,Italy,Female,75-79 years,Atrial fibrillation and flutter,Rate,2003,37.40178976812053,54.59933256215273,32.70504854293013
Deaths,Italy,Both,75-79 years,Atrial fibrillation and flutter,Rate,2003,39.800550033577196,54.4613660965143,34.28353723169851
Deaths,Italy,Male,80-84,Atrial fibrillation and flutter,Rate,2003,111.34235570214709,164.0354051540047,80.37831234151774
Deaths,Italy,Female,80-84,Atrial fibrillation and flutter,Rate,2003,108.81999286021097,157.88813119146045,89.71185755804005
Deaths,Italy,Both,80-84,Atrial fibrillation and flutter,Rate,2003,109.72186496701467,141.55932315965262,92.15381396620701
Deaths,Italy,Male,85-89,Atrial fibrillation and flutter,Rate,2003,237.95935251054965,352.96246475682005,169.15703872001095
Deaths,Italy,Female,85-89,Atrial fibrillation and flutter,Rate,2003,251.41592342838572,393.982364573663,199.93891702355364
Deaths,Italy,Both,85-89,Atrial fibrillation and flutter,Rate,2003,247.19508923673027,364.17659494761466,201.4235613033102
Deaths,Italy,Male,90-94,Atrial fibrillation and flutter,Rate,2003,453.7862974009592,636.2428918751209,300.3657318008197
Deaths,Italy,Female,90-94,Atrial fibrillation and flutter,Rate,2003,497.36792241765306,803.1715728473649,363.9554151365942
Deaths,Italy,Both,90-94,Atrial fibrillation and flutter,Rate,2003,485.7322452425624,727.8188578025326,367.9190324742986
Deaths,Italy,Male,30-34 years,Atrial fibrillation and flutter,Rate,2007,0.02046805570484045,0.026181018421976558,0.010034927427193169
Deaths,Italy,Female,30-34 years,Atrial fibrillation and flutter,Rate,2007,0.01061658881468579,0.011452751404232025,0.009712654475033514
Deaths,Italy,Both,30-34 years,Atrial fibrillation and flutter,Rate,2007,0.015597065685445664,0.01853081094640992,0.010216199882635304
Deaths,Italy,Male,35-39 years,Atrial fibrillation and flutter,Rate,2007,0.04203786397534713,0.05297871704741376,0.02447022554392116
Deaths,Italy,Female,35-39 years,Atrial fibrillation and flutter,Rate,2007,0.019183903889133616,0.022066644368507957,0.010599948305278717
Deaths,Italy,Both,35-39 years,Atrial fibrillation and flutter,Rate,2007,0.030715836696954275,0.036489289134725836,0.01931558822100447
Deaths,Italy,Male,40-44 years,Atrial fibrillation and flutter,Rate,2007,0.15747789155330802,0.18833034255406933,0.09291161702714344
Deaths,Italy,Female,40-44 years,Atrial fibrillation and flutter,Rate,2007,0.08658199892265939,0.09785230946139042,0.057750054299155196
Deaths,Italy,Both,40-44 years,Atrial fibrillation and flutter,Rate,2007,0.12214960965097231,0.13928344746186574,0.08494954219373793
Deaths,Italy,Male,45-49 years,Atrial fibrillation and flutter,Rate,2007,0.294393051110724,0.38399996839779293,0.17311831750595322
Deaths,Italy,Female,45-49 years,Atrial fibrillation and flutter,Rate,2007,0.1565078279907414,0.18043491712754475,0.1178470598768351
Deaths,Italy,Both,45-49 years,Atrial fibrillation and flutter,Rate,2007,0.2250429259188339,0.27414282587508887,0.16128927014477187
Deaths,Italy,Male,50-54 years,Atrial fibrillation and flutter,Rate,2007,0.5995043871539856,0.846769679565512,0.3858219001877376
Deaths,Italy,Female,50-54 years,Atrial fibrillation and flutter,Rate,2007,0.34577038138182037,0.43098988378576614,0.27204642263497647
Deaths,Italy,Both,50-54 years,Atrial fibrillation and flutter,Rate,2007,0.4707274996170503,0.6079596348336791,0.366159789914834
Deaths,Italy,Male,55-59 years,Atrial fibrillation and flutter,Rate,2007,1.3416150394992963,1.9475054177875717,0.925199144995002
Deaths,Italy,Female,55-59 years,Atrial fibrillation and flutter,Rate,2007,0.7941199818545469,1.1246169094814926,0.7182754538057604
Deaths,Italy,Both,55-59 years,Atrial fibrillation and flutter,Rate,2007,1.061629814590529,1.3992361115116374,0.8636831605004307
Deaths,Italy,Male,60-64 years,Atrial fibrillation and flutter,Rate,2007,3.1313474030344235,4.860382123740842,2.245967657654739
Deaths,Italy,Female,60-64 years,Atrial fibrillation and flutter,Rate,2007,2.0300461453770287,2.6716026237852155,1.8535536302203761
Deaths,Italy,Both,60-64 years,Atrial fibrillation and flutter,Rate,2007,2.5606334250637186,3.5108649481492162,2.1506667261057606
Deaths,Italy,Male,65-69 years,Atrial fibrillation and flutter,Rate,2007,6.782186378112377,9.957419127529235,4.605627936966251
Deaths,Italy,Female,65-69 years,Atrial fibrillation and flutter,Rate,2007,4.91485330579718,6.898373578750197,4.338437080162237
Deaths,Italy,Both,65-69 years,Atrial fibrillation and flutter,Rate,2007,5.79248914823612,7.765251143305645,4.774116646803267
Deaths,Italy,Male,70-74 years,Atrial fibrillation and flutter,Rate,2007,17.455369790470183,25.108340767851306,12.27610298503586
Deaths,Italy,Female,70-74 years,Atrial fibrillation and flutter,Rate,2007,13.767754709237964,19.29997467043601,11.610377045788132
Deaths,Italy,Both,70-74 years,Atrial fibrillation and flutter,Rate,2007,15.42247246085347,19.89389782005705,12.975724064570008
Deaths,Italy,Male,75-79 years,Atrial fibrillation and flutter,Rate,2007,39.75776920563469,59.680082396652075,28.55332678615216
Deaths,Italy,Female,75-79 years,Atrial fibrillation and flutter,Rate,2007,33.75124201606907,49.972668912155626,28.684068648225377
Deaths,Italy,Both,75-79 years,Atrial fibrillation and flutter,Rate,2007,36.243561728017106,48.72476730407319,30.737244403084752
Deaths,Italy,Male,80-84,Atrial fibrillation and flutter,Rate,2007,105.3144309448582,150.10603599964713,73.425142519315
Deaths,Italy,Female,80-84,Atrial fibrillation and flutter,Rate,2007,98.6579963779382,140.99305121575827,77.85435919398337
Deaths,Italy,Both,80-84,Atrial fibrillation and flutter,Rate,2007,101.08754408566867,130.93084978220625,82.34060017955201
Deaths,Italy,Male,85-89,Atrial fibrillation and flutter,Rate,2007,225.7141544248172,329.3434331898409,158.05089370074955
Deaths,Italy,Female,85-89,Atrial fibrillation and flutter,Rate,2007,221.68511015618185,351.9209773727754,171.3474623676241
Deaths,Italy,Both,85-89,Atrial fibrillation and flutter,Rate,2007,222.9585020823957,324.5312233280036,176.62746468581796
Deaths,Italy,Male,90-94,Atrial fibrillation and flutter,Rate,2007,460.8727859174872,632.1191228738395,303.7190573996109
Deaths,Italy,Female,90-94,Atrial fibrillation and flutter,Rate,2007,463.515156109317,766.5304023939883,337.5718281391097
Deaths,Italy,Both,90-94,Atrial fibrillation and flutter,Rate,2007,462.8140737509182,689.7987331819974,350.01287419655296
Deaths,Italy,Male,30-34 years,Atrial fibrillation and flutter,Rate,2004,0.021507601297965945,0.02722936180814714,0.01030032708652431
Deaths,Italy,Female,30-34 years,Atrial fibrillation and flutter,Rate,2004,0.01130366488274367,0.012292071798910235,0.010119953552114551
Deaths,Italy,Both,30-34 years,Atrial fibrillation and flutter,Rate,2004,0.01645619027901815,0.01952157270574526,0.010548143833127037
Deaths,Italy,Male,35-39 years,Atrial fibrillation and flutter,Rate,2004,0.04391196647925916,0.05503354929060606,0.02590351829019405
Deaths,Italy,Female,35-39 years,Atrial fibrillation and flutter,Rate,2004,0.020519568106620544,0.023750691331794343,0.010867079947250226
Deaths,Italy,Both,35-39 years,Atrial fibrillation and flutter,Rate,2004,0.03230454033483917,0.03837476790984949,0.02072669993057272
Deaths,Italy,Male,40-44 years,Atrial fibrillation and flutter,Rate,2004,0.16792368996518028,0.200953402198325,0.09968535338499773
Deaths,Italy,Female,40-44 years,Atrial fibrillation and flutter,Rate,2004,0.09532854854768069,0.10699438956378014,0.06238546037535269
Deaths,Italy,Both,40-44 years,Atrial fibrillation and flutter,Rate,2004,0.13161686528676936,0.1493256665895422,0.09231767384617208
Deaths,Italy,Male,45-49 years,Atrial fibrillation and flutter,Rate,2004,0.30847780364157745,0.4070000364141442,0.18261552528289413
Deaths,Italy,Female,45-49 years,Atrial fibrillation and flutter,Rate,2004,0.16747546452350257,0.18994041841832587,0.12642286406379377
Deaths,Italy,Both,45-49 years,Atrial fibrillation and flutter,Rate,2004,0.2374375539352299,0.2886655998301269,0.17127829131989894
Deaths,Italy,Male,50-54 years,Atrial fibrillation and flutter,Rate,2004,0.6346250008411765,0.8909209642293221,0.41873472812130036
Deaths,Italy,Female,50-54 years,Atrial fibrillation and flutter,Rate,2004,0.3635626513810156,0.4681095212370736,0.2885459802961586
Deaths,Italy,Both,50-54 years,Atrial fibrillation and flutter,Rate,2004,0.497030502901885,0.6356799450917759,0.3896484608898268
Deaths,Italy,Male,55-59 years,Atrial fibrillation and flutter,Rate,2004,1.441662974331205,2.1187642057729406,1.0353650608656055
Deaths,Italy,Female,55-59 years,Atrial fibrillation and flutter,Rate,2004,0.8732154597137711,1.1811056848206134,0.7689798398462068
Deaths,Italy,Both,55-59 years,Atrial fibrillation and flutter,Rate,2004,1.151026193398226,1.5026924276745706,0.9472702007431402
Deaths,Italy,Male,60-64 years,Atrial fibrillation and flutter,Rate,2004,3.26021888398219,4.948632993455729,2.3657903618510185
Deaths,Italy,Female,60-64 years,Atrial fibrillation and flutter,Rate,2004,2.093949274412857,2.7015498621813854,1.9220618528912352
Deaths,Italy,Both,60-64 years,Atrial fibrillation and flutter,Rate,2004,2.6521727189096045,3.6039582657180946,2.238990472650406
Deaths,Italy,Male,65-69 years,Atrial fibrillation and flutter,Rate,2004,7.309443819469929,10.642897935483983,5.161715236539661
Deaths,Italy,Female,65-69 years,Atrial fibrillation and flutter,Rate,2004,5.323678667286499,7.369733178464791,4.7157126830141305
Deaths,Italy,Both,65-69 years,Atrial fibrillation and flutter,Rate,2004,6.249204487973674,8.401149597072141,5.212114884846329
Deaths,Italy,Male,70-74 years,Atrial fibrillation and flutter,Rate,2004,18.727109552581837,27.790898675544682,13.705935469635435
Deaths,Italy,Female,70-74 years,Atrial fibrillation and flutter,Rate,2004,14.807257508365915,20.59582564287383,12.914727779895834
Deaths,Italy,Both,70-74 years,Atrial fibrillation and flutter,Rate,2004,16.540650793543335,21.27854396978084,14.102628681594467
Deaths,Italy,Male,75-79 years,Atrial fibrillation and flutter,Rate,2004,42.09801784466891,64.41961605808042,30.81066196789197
Deaths,Italy,Female,75-79 years,Atrial fibrillation and flutter,Rate,2004,35.85369192924049,52.398257791261805,30.98167543342254
Deaths,Italy,Both,75-79 years,Atrial fibrillation and flutter,Rate,2004,38.38403840093382,51.98272852530523,33.10442716698123
Deaths,Italy,Male,80-84,Atrial fibrillation and flutter,Rate,2004,108.52303375911715,159.67935244861206,76.03416241551328
Deaths,Italy,Female,80-84,Atrial fibrillation and flutter,Rate,2004,105.08537475741586,151.32974259587863,83.58132276784231
Deaths,Italy,Both,80-84,Atrial fibrillation and flutter,Rate,2004,106.31553151844294,138.01673078187298,86.940892458036
Deaths,Italy,Male,85-89,Atrial fibrillation and flutter,Rate,2004,231.2868801460901,342.12338513490636,162.43001235282057
Deaths,Italy,Female,85-89,Atrial fibrillation and flutter,Rate,2004,239.5475533626522,383.0589870886546,187.97228726228897
Deaths,Italy,Both,85-89,Atrial fibrillation and flutter,Rate,2004,236.9704818576344,346.6371752084355,191.11439038743018
Deaths,Italy,Male,90-94,Atrial fibrillation and flutter,Rate,2004,449.21318923974326,626.5960451975286,297.52164721521154
Deaths,Italy,Female,90-94,Atrial fibrillation and flutter,Rate,2004,474.446837989914,768.4845161476794,342.7249058994997
Deaths,Italy,Both,90-94,Atrial fibrillation and flutter,Rate,2004,467.67863818385206,687.6973300039638,353.75072462982814
Deaths,Italy,Male,30-34 years,Atrial fibrillation and flutter,Rate,2011,0.019847675412165314,0.025593627270844965,0.01001434053629056
Deaths,Italy,Female,30-34 years,Atrial fibrillation and flutter,Rate,2011,0.010292312734529473,0.011087957123783273,0.009379058405606116
Deaths,Italy,Both,30-34 years,Atrial fibrillation and flutter,Rate,2011,0.015101860024223047,0.018061646042125852,0.010061646050358553
Deaths,Italy,Male,35-39 years,Atrial fibrillation and flutter,Rate,2011,0.036353636577492125,0.04868914195240767,0.02049614382212261
Deaths,Italy,Female,35-39 years,Atrial fibrillation and flutter,Rate,2011,0.017893078420073052,0.020664246511955482,0.010088933969251689
Deaths,Italy,Both,35-39 years,Atrial fibrillation and flutter,Rate,2011,0.027159638881414795,0.033600628032579606,0.01709382589612552
Deaths,Italy,Male,40-44 years,Atrial fibrillation and flutter,Rate,2011,0.14576183742170057,0.18100399825929644,0.08170245233326846
Deaths,Italy,Female,40-44 years,Atrial fibrillation and flutter,Rate,2011,0.08038746416868754,0.09205345020297134,0.054043827394417286
Deaths,Italy,Both,40-44 years,Atrial fibrillation and flutter,Rate,2011,0.11308408654813061,0.1327539158366538,0.07648551540070875
Deaths,Italy,Male,45-49 years,Atrial fibrillation and flutter,Rate,2011,0.2761176042040549,0.3616840656581543,0.1577699341258477
Deaths,Italy,Female,45-49 years,Atrial fibrillation and flutter,Rate,2011,0.15153849616335646,0.17195216900554214,0.1107046521410897
Deaths,Italy,Both,45-49 years,Atrial fibrillation and flutter,Rate,2011,0.21333092264438924,0.2599597777756042,0.15056322723023752
Deaths,Italy,Male,50-54 years,Atrial fibrillation and flutter,Rate,2011,0.5756714187657085,0.8232075504161327,0.3663423183611548
Deaths,Italy,Female,50-54 years,Atrial fibrillation and flutter,Rate,2011,0.33644388816703724,0.4267683739029999,0.2659137316190009
Deaths,Italy,Both,50-54 years,Atrial fibrillation and flutter,Rate,2011,0.4538438297028372,0.5911226731674101,0.345937753258829
Deaths,Italy,Male,55-59 years,Atrial fibrillation and flutter,Rate,2011,1.3132550973702324,1.880425846110656,0.8723564304399435
Deaths,Italy,Female,55-59 years,Atrial fibrillation and flutter,Rate,2011,0.7788688212333763,1.0964175577805524,0.6993164066337312
Deaths,Italy,Both,55-59 years,Atrial fibrillation and flutter,Rate,2011,1.0387451950502353,1.357154052947333,0.8319959288257002
Deaths,Italy,Male,60-64 years,Atrial fibrillation and flutter,Rate,2011,2.9416732524839126,4.622435059362906,2.012622918706236
Deaths,Italy,Female,60-64 years,Atrial fibrillation and flutter,Rate,2011,1.90740988057617,2.5737285183717216,1.7421000775052156
Deaths,Italy,Both,60-64 years,Atrial fibrillation and flutter,Rate,2011,2.4070138099286718,3.3607019789349697,1.972284538960635
Deaths,Italy,Male,65-69 years,Atrial fibrillation and flutter,Rate,2011,6.62186405960045,9.747558008595634,4.437195733639406
Deaths,Italy,Female,65-69 years,Atrial fibrillation and flutter,Rate,2011,4.742847544614328,6.633284494997382,4.159195563732139
Deaths,Italy,Both,65-69 years,Atrial fibrillation and flutter,Rate,2011,5.632015722885559,7.58934094352402,4.583096415808168
Deaths,Italy,Male,70-74 years,Atrial fibrillation and flutter,Rate,2011,16.12850876676332,23.413011601192256,10.861219474499311
Deaths,Italy,Female,70-74 years,Atrial fibrillation and flutter,Rate,2011,12.79835267614203,18.23953874096532,10.956742464015356
Deaths,Italy,Both,70-74 years,Atrial fibrillation and flutter,Rate,2011,14.321760015170671,18.66032821841612,11.784706163572947
Deaths,Italy,Male,75-79 years,Atrial fibrillation and flutter,Rate,2011,37.22661334046433,56.301501541876014,25.675512404674738
Deaths,Italy,Female,75-79 years,Atrial fibrillation and flutter,Rate,2011,31.822090403935317,47.288843536957806,26.782488877535435
Deaths,Italy,Both,75-79 years,Atrial fibrillation and flutter,Rate,2011,34.13356462592342,45.574002588210796,28.355608677767083
Deaths,Italy,Male,80-84,Atrial fibrillation and flutter,Rate,2011,101.19153048749858,143.23404607977756,68.78807805194259
Deaths,Italy,Female,80-84,Atrial fibrillation and flutter,Rate,2011,93.48678291697765,134.51920990392648,72.18942796931445
Deaths,Italy,Both,80-84,Atrial fibrillation and flutter,Rate,2011,96.42696546133061,124.17938700384147,76.55780710654562
Deaths,Italy,Male,85-89,Atrial fibrillation and flutter,Rate,2011,218.4995910778817,316.30505201048913,152.4330049755286
Deaths,Italy,Female,85-89,Atrial fibrillation and flutter,Rate,2011,209.88800166363052,334.9744412395103,159.4945400566081
Deaths,Italy,Both,85-89,Atrial fibrillation and flutter,Rate,2011,212.65507452843357,306.39549632810343,167.64682753969777
Deaths,Italy,Male,90-94,Atrial fibrillation and flutter,Rate,2011,454.1447140015262,628.2010570056046,296.78647339087934
Deaths,Italy,Female,90-94,Atrial fibrillation and flutter,Rate,2011,454.85555473665715,772.3114840423009,333.6245304784781
Deaths,Italy,Both,90-94,Atrial fibrillation and flutter,Rate,2011,454.66474594440456,696.9252783312561,341.5844362382663
Deaths,Italy,Male,30-34 years,Atrial fibrillation and flutter,Rate,2005,0.021128679419392334,0.026909169552979437,0.010232694151901593
Deaths,Italy,Female,30-34 years,Atrial fibrillation and flutter,Rate,2005,0.01098346978288199,0.011875413912508202,0.009948759127780262
Deaths,Italy,Both,30-34 years,Atrial fibrillation and flutter,Rate,2005,0.01611092894245207,0.019142048649335053,0.010415027481725667
Deaths,Italy,Male,35-39 years,Atrial fibrillation and flutter,Rate,2005,0.04236033952411894,0.053912773430320825,0.024881421909869382
Deaths,Italy,Female,35-39 years,Atrial fibrillation and flutter,Rate,2005,0.01997027539139355,0.022972069517419327,0.010692747364922038
Deaths,Italy,Both,35-39 years,Atrial fibrillation and flutter,Rate,2005,0.03126421020138568,0.0370682737167298,0.020056354726426733
Deaths,Italy,Male,40-44 years,Atrial fibrillation and flutter,Rate,2005,0.16510342662281616,0.19669447595165626,0.09705003920128931
Deaths,Italy,Female,40-44 years,Atrial fibrillation and flutter,Rate,2005,0.09338623489632022,0.10546932134988836,0.06102542860273262
Deaths,Italy,Both,40-44 years,Atrial fibrillation and flutter,Rate,2005,0.12928462471220248,0.14650060479176158,0.08988031435656695
Deaths,Italy,Male,45-49 years,Atrial fibrillation and flutter,Rate,2005,0.30166184892767156,0.39646023423475496,0.17959943245160057
Deaths,Italy,Female,45-49 years,Atrial fibrillation and flutter,Rate,2005,0.16350095759034872,0.18600055595154358,0.12391954665406318
Deaths,Italy,Both,45-49 years,Atrial fibrillation and flutter,Rate,2005,0.23213875336835568,0.28477518129396145,0.1674239678906196
Deaths,Italy,Male,50-54 years,Atrial fibrillation and flutter,Rate,2005,0.6201366572264164,0.8821380860062303,0.40550997272306666
Deaths,Italy,Female,50-54 years,Atrial fibrillation and flutter,Rate,2005,0.3583576314455823,0.4556321811326125,0.2863155616483788
Deaths,Italy,Both,50-54 years,Atrial fibrillation and flutter,Rate,2005,0.48721559485154936,0.6222398344080746,0.38180712137708595
Deaths,Italy,Male,55-59 years,Atrial fibrillation and flutter,Rate,2005,1.4068030418189488,2.0487693789740455,0.996989862744561
Deaths,Italy,Female,55-59 years,Atrial fibrillation and flutter,Rate,2005,0.8522748350203648,1.1699082161580951,0.7601707747464114
Deaths,Italy,Both,55-59 years,Atrial fibrillation and flutter,Rate,2005,1.123399384762099,1.4674997102632377,0.9206798168053222
Deaths,Italy,Male,60-64 years,Atrial fibrillation and flutter,Rate,2005,3.2010826728442447,4.906660813006933,2.2737178483187246
Deaths,Italy,Female,60-64 years,Atrial fibrillation and flutter,Rate,2005,2.0553211101599755,2.677033738591797,1.882241395871051
Deaths,Italy,Both,60-64 years,Atrial fibrillation and flutter,Rate,2005,2.6046018375856717,3.560346814672316,2.1863106639637917
Deaths,Italy,Male,65-69 years,Atrial fibrillation and flutter,Rate,2005,7.123024826053721,10.245463732546296,4.997503899774654
Deaths,Italy,Female,65-69 years,Atrial fibrillation and flutter,Rate,2005,5.202250379569685,7.2165575233641315,4.5743478783989895
Deaths,Italy,Both,65-69 years,Atrial fibrillation and flutter,Rate,2005,6.100601752974834,8.232682825697967,5.081736601758833
Deaths,Italy,Male,70-74 years,Atrial fibrillation and flutter,Rate,2005,18.31081485799768,26.928090505735977,13.208114598061162
Deaths,Italy,Female,70-74 years,Atrial fibrillation and flutter,Rate,2005,14.46630576120164,19.70967044015391,12.542569303907678
Deaths,Italy,Both,70-74 years,Atrial fibrillation and flutter,Rate,2005,16.17381888741883,20.65074472305693,13.703492357123922
Deaths,Italy,Male,75-79 years,Atrial fibrillation and flutter,Rate,2005,41.506537308314954,63.53867052720197,29.88818929986321
Deaths,Italy,Female,75-79 years,Atrial fibrillation and flutter,Rate,2005,35.26234629499207,51.87689388451473,30.326626694332145
Deaths,Italy,Both,75-79 years,Atrial fibrillation and flutter,Rate,2005,37.81177745567532,51.049490363863626,32.3879003638452
Deaths,Italy,Male,80-84,Atrial fibrillation and flutter,Rate,2005,107.0231189192064,154.5272661989953,75.49236059749649
Deaths,Italy,Female,80-84,Atrial fibrillation and flutter,Rate,2005,102.56247185347384,147.16085065012717,80.48107420697637
Deaths,Italy,Both,80-84,Atrial fibrillation and flutter,Rate,2005,104.1636672314439,135.00271790055604,84.2489859530308
Deaths,Italy,Male,85-89,Atrial fibrillation and flutter,Rate,2005,232.6869082068087,342.1886049520579,162.38729494325594
Deaths,Italy,Female,85-89,Atrial fibrillation and flutter,Rate,2005,236.00774131834396,370.3025319741854,182.7336036269222
Deaths,Italy,Both,85-89,Atrial fibrillation and flutter,Rate,2005,234.96891478633412,338.51777777563683,186.70022131830675
Deaths,Italy,Male,90-94,Atrial fibrillation and flutter,Rate,2005,458.4789358626077,638.399407456568,303.89237799596935
Deaths,Italy,Female,90-94,Atrial fibrillation and flutter,Rate,2005,472.11203540912135,766.6384537179954,344.36085324636224
Deaths,Italy,Both,90-94,Atrial fibrillation and flutter,Rate,2005,468.46341887326537,695.7733513585592,353.9500414403433
Deaths,Italy,Male,30-34 years,Atrial fibrillation and flutter,Rate,2006,0.02105098788421323,0.026889536095034142,0.01014666801717107
Deaths,Italy,Female,30-34 years,Atrial fibrillation and flutter,Rate,2006,0.010780592271839294,0.011657671586016691,0.00976969369426288
Deaths,Italy,Both,30-34 years,Atrial fibrillation and flutter,Rate,2006,0.015972959311072506,0.019037682436276827,0.010354561135687937
Deaths,Italy,Male,35-39 years,Atrial fibrillation and flutter,Rate,2006,0.0427981376377882,0.054214338152464944,0.02497646347279624
Deaths,Italy,Female,35-39 years,Atrial fibrillation and flutter,Rate,2006,0.019539491249234233,0.022559414756417297,0.010650165575004127
Deaths,Italy,Both,35-39 years,Atrial fibrillation and flutter,Rate,2006,0.03128087823412974,0.037171905436789984,0.019692906600939298
Deaths,Italy,Male,40-44 years,Atrial fibrillation and flutter,Rate,2006,0.16352205738553877,0.19514230085456222,0.09624422372803877
Deaths,Italy,Female,40-44 years,Atrial fibrillation and flutter,Rate,2006,0.09035099736458546,0.10221031045582751,0.0586187333790874
Deaths,Italy,Both,40-44 years,Atrial fibrillation and flutter,Rate,2006,0.12702460137118207,0.14409729998805929,0.0878921335970979
Deaths,Italy,Male,45-49 years,Atrial fibrillation and flutter,Rate,2006,0.2986828917795116,0.3916234372367826,0.1771728058586087
Deaths,Italy,Female,45-49 years,Atrial fibrillation and flutter,Rate,2006,0.1580598657486963,0.18163526814988848,0.11867705644506897
Deaths,Italy,Both,45-49 years,Atrial fibrillation and flutter,Rate,2006,0.22795409835689762,0.2799298615881314,0.16347488968717347
Deaths,Italy,Male,50-54 years,Atrial fibrillation and flutter,Rate,2006,0.6078744982679247,0.8556278667720324,0.39233667578737913
Deaths,Italy,Female,50-54 years,Atrial fibrillation and flutter,Rate,2006,0.34756011788739044,0.43638928393133,0.27824479993193113
Deaths,Italy,Both,50-54 years,Atrial fibrillation and flutter,Rate,2006,0.4757206665332357,0.6103213848620778,0.37016182044359247
Deaths,Italy,Male,55-59 years,Atrial fibrillation and flutter,Rate,2006,1.3724508131904922,1.99117637752081,0.9606507856141754
Deaths,Italy,Female,55-59 years,Atrial fibrillation and flutter,Rate,2006,0.815452175221059,1.1357943520020515,0.734971877073975
Deaths,Italy,Both,55-59 years,Atrial fibrillation and flutter,Rate,2006,1.0877775717604956,1.418177497638808,0.8912163111780312
Deaths,Italy,Male,60-64 years,Atrial fibrillation and flutter,Rate,2006,3.1666602273960147,4.873825110167292,2.2523600098586827
Deaths,Italy,Female,60-64 years,Atrial fibrillation and flutter,Rate,2006,2.040427554580451,2.662396375269521,1.8691514715398783
Deaths,Italy,Both,60-64 years,Atrial fibrillation and flutter,Rate,2006,2.5815683192888175,3.545573122533578,2.165921802477629
Deaths,Italy,Male,65-69 years,Atrial fibrillation and flutter,Rate,2006,6.914030292106054,10.040017087249552,4.750799789408535
Deaths,Italy,Female,65-69 years,Atrial fibrillation and flutter,Rate,2006,5.016271748838053,6.988232347834208,4.417620831368845
Deaths,Italy,Both,65-69 years,Atrial fibrillation and flutter,Rate,2006,5.906201973531748,7.8947918073076195,4.878558793406065
Deaths,Italy,Male,70-74 years,Atrial fibrillation and flutter,Rate,2006,17.732463920377427,25.937795549903512,12.593061466319622
Deaths,Italy,Female,70-74 years,Atrial fibrillation and flutter,Rate,2006,14.054246667607199,19.39625515528107,11.881881468855731
Deaths,Italy,Both,70-74 years,Atrial fibrillation and flutter,Rate,2006,15.697281749450678,20.14950910483272,13.217924115045479
Deaths,Italy,Male,75-79 years,Atrial fibrillation and flutter,Rate,2006,40.498400279382,61.48817641358096,29.587581209803826
Deaths,Italy,Female,75-79 years,Atrial fibrillation and flutter,Rate,2006,34.35890392608955,50.72375568371933,29.45131503830867
Deaths,Italy,Both,75-79 years,Atrial fibrillation and flutter,Rate,2006,36.88580265711057,49.718911140899245,31.521292221807126
Deaths,Italy,Male,80-84,Atrial fibrillation and flutter,Rate,2006,105.6592418809092,151.79337962844656,73.85644100134938
Deaths,Italy,Female,80-84,Atrial fibrillation and flutter,Rate,2006,100.06034618771415,142.54996183245524,79.13188568201784
Deaths,Italy,Both,80-84,Atrial fibrillation and flutter,Rate,2006,102.08521776547842,131.45159903047477,83.21517018928148
Deaths,Italy,Male,85-89,Atrial fibrillation and flutter,Rate,2006,227.18014777488608,333.31672566307134,158.7408887565959
Deaths,Italy,Female,85-89,Atrial fibrillation and flutter,Rate,2006,226.04371448683804,360.0397082411453,174.61032316106005
Deaths,Italy,Both,85-89,Atrial fibrillation and flutter,Rate,2006,226.40185462118575,326.67875209081785,180.54248259770574
Deaths,Italy,Male,90-94,Atrial fibrillation and flutter,Rate,2006,460.12931249546295,634.831735889863,304.8311465888456
Deaths,Italy,Female,90-94,Atrial fibrillation and flutter,Rate,2006,464.6364453192532,767.33113256758,336.5709033598308
Deaths,Italy,Both,90-94,Atrial fibrillation and flutter,Rate,2006,463.4336371081879,685.7181540364079,349.8533598666596
Deaths,Italy,Male,30-34 years,Atrial fibrillation and flutter,Rate,2015,0.0202250634433266,0.025977431490145267,0.01023361245062846
Deaths,Italy,Female,30-34 years,Atrial fibrillation and flutter,Rate,2015,0.010055682452902287,0.011136844847215076,0.008982605148586816
Deaths,Italy,Both,30-34 years,Atrial fibrillation and flutter,Rate,2015,0.015163228447404288,0.018195290201147674,0.010071525016387677
Deaths,Italy,Male,35-39 years,Atrial fibrillation and flutter,Rate,2015,0.03603610896648468,0.04922797422591918,0.019340236769558834
Deaths,Italy,Female,35-39 years,Atrial fibrillation and flutter,Rate,2015,0.017818367930130925,0.020474144914631686,0.010363575070904903
Deaths,Italy,Both,35-39 years,Atrial fibrillation and flutter,Rate,2015,0.02693424484508861,0.033300586264797,0.016532895614913234
Deaths,Italy,Male,40-44 years,Atrial fibrillation and flutter,Rate,2015,0.14208720590412233,0.18168025757662765,0.07768947929175532
Deaths,Italy,Female,40-44 years,Atrial fibrillation and flutter,Rate,2015,0.07805300924220006,0.09008893789328887,0.051856266200175534
Deaths,Italy,Both,40-44 years,Atrial fibrillation and flutter,Rate,2015,0.10994078949680908,0.13088732324744118,0.07242132425147997
Deaths,Italy,Male,45-49 years,Atrial fibrillation and flutter,Rate,2015,0.2676840774789142,0.3520245814065378,0.14934220610866195
Deaths,Italy,Female,45-49 years,Atrial fibrillation and flutter,Rate,2015,0.14657186997271063,0.1656103869619894,0.10601962657520424
Deaths,Italy,Both,45-49 years,Atrial fibrillation and flutter,Rate,2015,0.20656820543298354,0.25074040834024364,0.14480525893000712
Deaths,Italy,Male,50-54 years,Atrial fibrillation and flutter,Rate,2015,0.5672761427425318,0.815886392558623,0.359438328408723
Deaths,Italy,Female,50-54 years,Atrial fibrillation and flutter,Rate,2015,0.32307098649555055,0.4121193182915882,0.25577839798759827
Deaths,Italy,Both,50-54 years,Atrial fibrillation and flutter,Rate,2015,0.44288253314580867,0.5673495063978098,0.3382460651719229
Deaths,Italy,Male,55-59 years,Atrial fibrillation and flutter,Rate,2015,1.2851604885319816,1.8929119296874843,0.8375456997986036
Deaths,Italy,Female,55-59 years,Atrial fibrillation and flutter,Rate,2015,0.8032003631400142,1.1149413995675594,0.7091633151652499
Deaths,Italy,Both,55-59 years,Atrial fibrillation and flutter,Rate,2015,1.0370728640047953,1.3802257370711033,0.8225684473487406
Deaths,Italy,Male,60-64 years,Atrial fibrillation and flutter,Rate,2015,2.9011596457467674,4.475546666942105,1.953025081973286
Deaths,Italy,Female,60-64 years,Atrial fibrillation and flutter,Rate,2015,1.910999638547241,2.5271203091057695,1.7345781104952709
Deaths,Italy,Both,60-64 years,Atrial fibrillation and flutter,Rate,2015,2.387880588244409,3.3422895449389016,1.9414957941556001
Deaths,Italy,Male,65-69 years,Atrial fibrillation and flutter,Rate,2015,6.337597451548084,9.545061489977279,4.166647504158926
Deaths,Italy,Female,65-69 years,Atrial fibrillation and flutter,Rate,2015,4.718783467176031,6.582312778909343,4.205865511429799
Deaths,Italy,Both,65-69 years,Atrial fibrillation and flutter,Rate,2015,5.490914207260844,7.375033665577108,4.425131205539988
Deaths,Italy,Male,70-74 years,Atrial fibrillation and flutter,Rate,2015,15.622700939784743,22.72513085879471,10.511717316298872
Deaths,Italy,Female,70-74 years,Atrial fibrillation and flutter,Rate,2015,12.635815953814864,18.203018271161888,10.710576701543687
Deaths,Italy,Both,70-74 years,Atrial fibrillation and flutter,Rate,2015,14.01531065138414,18.4626657845,11.430044280119366
Deaths,Italy,Male,75-79 years,Atrial fibrillation and flutter,Rate,2015,35.364204090358186,54.05286728966019,23.674433682612445
Deaths,Italy,Female,75-79 years,Atrial fibrillation and flutter,Rate,2015,30.54000598469397,45.72605744354666,25.334244524778665
Deaths,Italy,Both,75-79 years,Atrial fibrillation and flutter,Rate,2015,32.659962960212916,43.939460435622635,26.737220950736777
Deaths,Italy,Male,80-84,Atrial fibrillation and flutter,Rate,2015,96.33047330515863,137.44539781782711,64.26057230625979
Deaths,Italy,Female,80-84,Atrial fibrillation and flutter,Rate,2015,91.98835657875463,133.44180527412038,70.39140289174696
Deaths,Italy,Both,80-84,Atrial fibrillation and flutter,Rate,2015,93.71604977210937,122.1733384916837,73.68431095042361
Deaths,Italy,Male,85-89,Atrial fibrillation and flutter,Rate,2015,216.05007813371734,309.9266532697517,147.7583004305217
Deaths,Italy,Female,85-89,Atrial fibrillation and flutter,Rate,2015,212.0436381246038,335.2524455811204,161.73831573836247
Deaths,Italy,Both,85-89,Atrial fibrillation and flutter,Rate,2015,213.39825902679405,304.39090934935183,167.06976016089857
Deaths,Italy,Male,90-94,Atrial fibrillation and flutter,Rate,2015,469.9310258388102,647.6907633061182,305.768123804068
Deaths,Italy,Female,90-94,Atrial fibrillation and flutter,Rate,2015,459.9763138922238,774.6212207424765,341.6030853905213
Deaths,Italy,Both,90-94,Atrial fibrillation and flutter,Rate,2015,462.68648327464234,702.4172246117564,355.16363131683653
Deaths,Italy,Male,30-34 years,Atrial fibrillation and flutter,Rate,2019,0.020671562599444724,0.026772614572806348,0.010497337340435663
Deaths,Italy,Female,30-34 years,Atrial fibrillation and flutter,Rate,2019,0.010421066303834645,0.011446837007573398,0.009219609998190104
Deaths,Italy,Both,30-34 years,Atrial fibrillation and flutter,Rate,2019,0.015596821896118822,0.018877079165555897,0.01034199999238548
Deaths,Italy,Male,35-39 years,Atrial fibrillation and flutter,Rate,2019,0.03677373381523308,0.05156114882071533,0.019388828285354067
Deaths,Italy,Female,35-39 years,Atrial fibrillation and flutter,Rate,2019,0.01805325737113916,0.02092624080805007,0.010504370469433356
Deaths,Italy,Both,35-39 years,Atrial fibrillation and flutter,Rate,2019,0.027439776375928527,0.03487360938203812,0.016811504975600775
Deaths,Italy,Male,40-44 years,Atrial fibrillation and flutter,Rate,2019,0.13871622435048198,0.18462985644690716,0.07507376945331912
Deaths,Italy,Female,40-44 years,Atrial fibrillation and flutter,Rate,2019,0.07767144889048481,0.09042320463253968,0.05307826461383207
Deaths,Italy,Both,40-44 years,Atrial fibrillation and flutter,Rate,2019,0.10810955870523252,0.1337717333308711,0.07070055720313631
Deaths,Italy,Male,45-49 years,Atrial fibrillation and flutter,Rate,2019,0.2553935172772159,0.3342818871169208,0.1417546486462851
Deaths,Italy,Female,45-49 years,Atrial fibrillation and flutter,Rate,2019,0.146076384828493,0.1700773895194363,0.10747471190313139
Deaths,Italy,Both,45-49 years,Atrial fibrillation and flutter,Rate,2019,0.20021601924129834,0.24921717792789327,0.14030989764964044
Deaths,Italy,Male,50-54 years,Atrial fibrillation and flutter,Rate,2019,0.5393896356863151,0.7914651873229279,0.3409205995800379
Deaths,Italy,Female,50-54 years,Atrial fibrillation and flutter,Rate,2019,0.31581049816581774,0.4011456676634844,0.25253893410498884
Deaths,Italy,Both,50-54 years,Atrial fibrillation and flutter,Rate,2019,0.4259299914854773,0.5613367751004839,0.326649638130356
Deaths,Italy,Male,55-59 years,Atrial fibrillation and flutter,Rate,2019,1.2389653885767156,1.871524176050612,0.805253995148216
Deaths,Italy,Female,55-59 years,Atrial fibrillation and flutter,Rate,2019,0.7723650136935221,1.096166198359654,0.6655549359373286
Deaths,Italy,Both,55-59 years,Atrial fibrillation and flutter,Rate,2019,0.9991603683278864,1.3515072727436221,0.7893247968109383
Deaths,Italy,Male,60-64 years,Atrial fibrillation and flutter,Rate,2019,2.779956005870279,4.417728033598999,1.8307458819056315
Deaths,Italy,Female,60-64 years,Atrial fibrillation and flutter,Rate,2019,1.8606310914648923,2.529110816451468,1.6449568471564917
Deaths,Italy,Both,60-64 years,Atrial fibrillation and flutter,Rate,2019,2.3024769394555125,3.246654219303629,1.8646256247446988
Deaths,Italy,Male,65-69 years,Atrial fibrillation and flutter,Rate,2019,6.097296217079731,9.368611302369484,3.9772619226197117
Deaths,Italy,Female,65-69 years,Atrial fibrillation and flutter,Rate,2019,4.610882409116656,6.6727535369037065,3.9829275157743087
Deaths,Italy,Both,65-69 years,Atrial fibrillation and flutter,Rate,2019,5.318842163688143,7.2606325553454925,4.343755125903049
Deaths,Italy,Male,70-74 years,Atrial fibrillation and flutter,Rate,2019,15.252368727242647,22.412338290185527,10.089563816755783
Deaths,Italy,Female,70-74 years,Atrial fibrillation and flutter,Rate,2019,12.548877150755558,18.225317676165147,10.536278211336304
Deaths,Italy,Both,70-74 years,Atrial fibrillation and flutter,Rate,2019,13.811928013692906,18.574834859326547,11.320705794666184
Deaths,Italy,Male,75-79 years,Atrial fibrillation and flutter,Rate,2019,34.55129428213088,52.52668895233787,23.284385273991127
Deaths,Italy,Female,75-79 years,Atrial fibrillation and flutter,Rate,2019,30.396331035988116,45.3209848421761,25.131017705822774
Deaths,Italy,Both,75-79 years,Atrial fibrillation and flutter,Rate,2019,32.247288429631006,44.38359120273754,26.431574648398513
Deaths,Italy,Male,80-84,Atrial fibrillation and flutter,Rate,2019,93.51572353950509,134.09949012882853,63.15162239497222
Deaths,Italy,Female,80-84,Atrial fibrillation and flutter,Rate,2019,91.2360407298547,131.90896111851782,70.54613088733468
Deaths,Italy,Both,80-84,Atrial fibrillation and flutter,Rate,2019,92.17848649059604,121.04593535605082,72.37855626614348
Deaths,Italy,Male,85-89,Atrial fibrillation and flutter,Rate,2019,210.27175925130777,303.548511443286,145.7595794280759
Deaths,Italy,Female,85-89,Atrial fibrillation and flutter,Rate,2019,208.79880725277192,335.53939458099586,158.27621312391048
Deaths,Italy,Both,85-89,Atrial fibrillation and flutter,Rate,2019,209.3270074919792,300.021997739739,162.18914622475387
Deaths,Italy,Male,90-94,Atrial fibrillation and flutter,Rate,2019,449.1606372519096,619.884781510853,293.45217031491836
Deaths,Italy,Female,90-94,Atrial fibrillation and flutter,Rate,2019,451.7642960176431,750.270370379873,333.87869331457114
Deaths,Italy,Both,90-94,Atrial fibrillation and flutter,Rate,2019,451.01670837434744,673.0538234458822,344.9078008718757
Deaths,Italy,Male,30-34 years,Atrial fibrillation and flutter,Rate,2009,0.020387964904886483,0.026012449200943713,0.01020528137637923
Deaths,Italy,Female,30-34 years,Atrial fibrillation and flutter,Rate,2009,0.010271911615324468,0.011084284382465056,0.009406398784594427
Deaths,Italy,Both,30-34 years,Atrial fibrillation and flutter,Rate,2009,0.015376751920733985,0.01829461204318281,0.010145018256324337
Deaths,Italy,Male,35-39 years,Atrial fibrillation and flutter,Rate,2009,0.03837195998775404,0.050619798134802815,0.022057438166368053
Deaths,Italy,Female,35-39 years,Atrial fibrillation and flutter,Rate,2009,0.018257277054423784,0.02109001951875474,0.010376576605545824
Deaths,Italy,Both,35-39 years,Atrial fibrillation and flutter,Rate,2009,0.028385214821031776,0.034345849664605466,0.018087577532738687
Deaths,Italy,Male,40-44 years,Atrial fibrillation and flutter,Rate,2009,0.15345815585584227,0.18504983533155878,0.08856551542255488
Deaths,Italy,Female,40-44 years,Atrial fibrillation and flutter,Rate,2009,0.08317429549933245,0.0950656731429429,0.05601636142356603
Deaths,Italy,Both,40-44 years,Atrial fibrillation and flutter,Rate,2009,0.11842335505552284,0.13546324503755408,0.08068279072074826
Deaths,Italy,Male,45-49 years,Atrial fibrillation and flutter,Rate,2009,0.2816785375756404,0.3732802012208918,0.16417225066503513
Deaths,Italy,Female,45-49 years,Atrial fibrillation and flutter,Rate,2009,0.1546137638610603,0.17915635268708088,0.11588635960548711
Deaths,Italy,Both,45-49 years,Atrial fibrillation and flutter,Rate,2009,0.21768548937008622,0.2653493299515716,0.154440886890159
Deaths,Italy,Male,50-54 years,Atrial fibrillation and flutter,Rate,2009,0.5890452692908728,0.838060347056487,0.37703043841333744
Deaths,Italy,Female,50-54 years,Atrial fibrillation and flutter,Rate,2009,0.34022360299970833,0.4363602781852868,0.27172712782090425
Deaths,Italy,Both,50-54 years,Atrial fibrillation and flutter,Rate,2009,0.46253152323985175,0.5949071448475347,0.35462808460421447
Deaths,Italy,Male,55-59 years,Atrial fibrillation and flutter,Rate,2009,1.3294602410685015,1.9236651228421284,0.896982941346968
Deaths,Italy,Female,55-59 years,Atrial fibrillation and flutter,Rate,2009,0.7773727739435604,1.0857370982144192,0.6992044762080958
Deaths,Italy,Both,55-59 years,Atrial fibrillation and flutter,Rate,2009,1.0466374856198652,1.3705549851831467,0.8479599083751194
Deaths,Italy,Male,60-64 years,Atrial fibrillation and flutter,Rate,2009,3.060648380679857,4.745391492748844,2.125214470524602
Deaths,Italy,Female,60-64 years,Atrial fibrillation and flutter,Rate,2009,1.9730390567853486,2.616116379172257,1.7961982788855793
Deaths,Italy,Both,60-64 years,Atrial fibrillation and flutter,Rate,2009,2.498708276968095,3.4349109784442367,2.076165157407411
Deaths,Italy,Male,65-69 years,Atrial fibrillation and flutter,Rate,2009,6.632332052734046,9.79095406974254,4.455313092504091
Deaths,Italy,Female,65-69 years,Atrial fibrillation and flutter,Rate,2009,4.73941915607509,6.679129519009208,4.1491461895131945
Deaths,Italy,Both,65-69 years,Atrial fibrillation and flutter,Rate,2009,5.631612849942642,7.552018858132655,4.583842474126956
Deaths,Italy,Male,70-74 years,Atrial fibrillation and flutter,Rate,2009,16.851081532184313,24.187441542424757,11.619385362555898
Deaths,Italy,Female,70-74 years,Atrial fibrillation and flutter,Rate,2009,13.44501563832037,18.773024941576296,11.472649558339127
Deaths,Italy,Both,70-74 years,Atrial fibrillation and flutter,Rate,2009,14.989442728718958,19.708901534132956,12.505606244353581
Deaths,Italy,Male,75-79 years,Atrial fibrillation and flutter,Rate,2009,38.692470293465085,57.91257480419991,27.304015647124892
Deaths,Italy,Female,75-79 years,Atrial fibrillation and flutter,Rate,2009,32.98855460855635,48.98512340961748,27.83596836904532
Deaths,Italy,Both,75-79 years,Atrial fibrillation and flutter,Rate,2009,35.391320290798284,47.17825268235728,29.949744367351162
Deaths,Italy,Male,80-84,Atrial fibrillation and flutter,Rate,2009,103.96078565447814,146.849505608092,72.1449464889045
Deaths,Italy,Female,80-84,Atrial fibrillation and flutter,Rate,2009,96.09582456412083,138.7724863434164,74.54341791511737
Deaths,Italy,Both,80-84,Atrial fibrillation and flutter,Rate,2009,99.0289088035521,128.43600410131884,79.3661554732629
Deaths,Italy,Male,85-89,Atrial fibrillation and flutter,Rate,2009,225.25714750503147,326.6735964310237,156.99757440302383
Deaths,Italy,Female,85-89,Atrial fibrillation and flutter,Rate,2009,219.52876773766735,347.80405848396043,167.66234002857874
Deaths,Italy,Both,85-89,Atrial fibrillation and flutter,Rate,2009,221.3447750261446,320.48644388044124,174.81174316659414
Deaths,Italy,Male,90-94,Atrial fibrillation and flutter,Rate,2009,455.79583777199264,629.2645114727009,298.852214993894
Deaths,Italy,Female,90-94,Atrial fibrillation and flutter,Rate,2009,463.3006705601053,781.402612719692,339.0093343595884
Deaths,Italy,Both,90-94,Atrial fibrillation and flutter,Rate,2009,461.3281747196462,704.6010397281594,348.8273952129158
Deaths,Italy,Male,30-34 years,Atrial fibrillation and flutter,Rate,2010,0.020212967934711345,0.025945633132790476,0.010213674779674416
Deaths,Italy,Female,30-34 years,Atrial fibrillation and flutter,Rate,2010,0.010304186900335141,0.011181784603186164,0.00929029554563873
Deaths,Italy,Both,30-34 years,Atrial fibrillation and flutter,Rate,2010,0.015298055889535221,0.01833230330984329,0.01015558588805207
Deaths,Italy,Male,35-39 years,Atrial fibrillation and flutter,Rate,2010,0.03750270533069967,0.04972323499413128,0.021137365253404424
Deaths,Italy,Female,35-39 years,Atrial fibrillation and flutter,Rate,2010,0.018260690860031844,0.021118387108130146,0.010439139636638553
Deaths,Italy,Both,35-39 years,Atrial fibrillation and flutter,Rate,2010,0.027933655670087185,0.03393643144910642,0.017677012360839694
Deaths,Italy,Male,40-44 years,Atrial fibrillation and flutter,Rate,2010,0.14762531303017876,0.18196046778994043,0.08324459511866246
Deaths,Italy,Female,40-44 years,Atrial fibrillation and flutter,Rate,2010,0.08250789141507905,0.09470117214074826,0.05537691645026965
Deaths,Italy,Both,40-44 years,Atrial fibrillation and flutter,Rate,2010,0.11512397568523088,0.13401243565164297,0.07866863279658726
Deaths,Italy,Male,45-49 years,Atrial fibrillation and flutter,Rate,2010,0.2772846793243768,0.36382605974977655,0.15902623056564041
Deaths,Italy,Female,45-49 years,Atrial fibrillation and flutter,Rate,2010,0.15235319591005725,0.17639957673097836,0.1124093855805875
Deaths,Italy,Both,45-49 years,Atrial fibrillation and flutter,Rate,2010,0.21433797393056658,0.2610607635477905,0.15162168273032925
Deaths,Italy,Male,50-54 years,Atrial fibrillation and flutter,Rate,2010,0.5786166865773723,0.8235494636182145,0.36946026774548935
Deaths,Italy,Female,50-54 years,Atrial fibrillation and flutter,Rate,2010,0.3391187044917135,0.4302808747760291,0.26974490169069637
Deaths,Italy,Both,50-54 years,Atrial fibrillation and flutter,Rate,2010,0.4567826692773249,0.5967070221155443,0.3468641024169682
Deaths,Italy,Male,55-59 years,Atrial fibrillation and flutter,Rate,2010,1.3126909020749866,1.9081144294168186,0.8820115204292422
Deaths,Italy,Female,55-59 years,Atrial fibrillation and flutter,Rate,2010,0.766159847106474,1.093825910396543,0.6863646862501204
Deaths,Italy,Both,55-59 years,Atrial fibrillation and flutter,Rate,2010,1.0322676620220492,1.3578619125863602,0.8310114404657655
Deaths,Italy,Male,60-64 years,Atrial fibrillation and flutter,Rate,2010,2.9951965327242958,4.710124563458517,2.0588575620694947
Deaths,Italy,Female,60-64 years,Atrial fibrillation and flutter,Rate,2010,1.9308164081916774,2.5923315236439075,1.7590186165340622
Deaths,Italy,Both,60-64 years,Atrial fibrillation and flutter,Rate,2010,2.4452160774986127,3.4033604871617924,2.0215005093445777
Deaths,Italy,Male,65-69 years,Atrial fibrillation and flutter,Rate,2010,6.567255384122484,9.790165388457545,4.364491455135087
Deaths,Italy,Female,65-69 years,Atrial fibrillation and flutter,Rate,2010,4.671126047998075,6.599301112528228,4.100182340442154
Deaths,Italy,Both,65-69 years,Atrial fibrillation and flutter,Rate,2010,5.566406001938003,7.485278537850344,4.501430984830941
Deaths,Italy,Male,70-74 years,Atrial fibrillation and flutter,Rate,2010,16.46378066021399,23.89257291856063,11.207795850741896
Deaths,Italy,Female,70-74 years,Atrial fibrillation and flutter,Rate,2010,12.98435230001784,18.40768313956502,11.05514033789181
Deaths,Italy,Both,70-74 years,Atrial fibrillation and flutter,Rate,2010,14.56998832761911,19.096508766125893,12.027325686506373
Deaths,Italy,Male,75-79 years,Atrial fibrillation and flutter,Rate,2010,37.657489079564556,56.63880404683327,26.174428153537725
Deaths,Italy,Female,75-79 years,Atrial fibrillation and flutter,Rate,2010,32.28068221737844,47.89791064938045,27.24405405020929
Deaths,Italy,Both,75-79 years,Atrial fibrillation and flutter,Rate,2010,34.56146344365937,46.02196588723989,28.91689723357755
Deaths,Italy,Male,80-84,Atrial fibrillation and flutter,Rate,2010,102.60014895449163,145.72121656011302,70.56520338886497
Deaths,Italy,Female,80-84,Atrial fibrillation and flutter,Rate,2010,94.22271755523748,136.18468505187266,72.77515148170515
Deaths,Italy,Both,80-84,Atrial fibrillation and flutter,Rate,2010,97.38245510956037,126.61581238332025,77.77206745017352
Deaths,Italy,Male,85-89,Atrial fibrillation and flutter,Rate,2010,220.20194256325442,320.38915496385096,154.32355558443874
Deaths,Italy,Female,85-89,Atrial fibrillation and flutter,Rate,2010,211.8488621234075,340.4802011704425,162.28004375434105
Deaths,Italy,Both,85-89,Atrial fibrillation and flutter,Rate,2010,214.50879263029023,309.64736326716263,169.8999647197545
Deaths,Italy,Male,90-94,Atrial fibrillation and flutter,Rate,2010,456.21183684870357,632.2532864175284,298.9468714108376
Deaths,Italy,Female,90-94,Atrial fibrillation and flutter,Rate,2010,457.80804509537086,778.6063358033216,337.0799174708884
Deaths,Italy,Both,90-94,Atrial fibrillation and flutter,Rate,2010,457.3851900951971,701.7103731457072,345.64147022071245
Deaths,Italy,Male,30-34 years,Atrial fibrillation and flutter,Rate,2008,0.02046416044736946,0.026077451322646474,0.010126968024225958
Deaths,Italy,Female,30-34 years,Atrial fibrillation and flutter,Rate,2008,0.010521284194136005,0.011352021114742799,0.009663700996388566
Deaths,Italy,Both,30-34 years,Atrial fibrillation and flutter,Rate,2008,0.015542812253252578,0.018442849294863298,0.010186510247834402
Deaths,Italy,Male,35-39 years,Atrial fibrillation and flutter,Rate,2008,0.0400568909751239,0.05161667323502243,0.023099411716155767
Deaths,Italy,Female,35-39 years,Atrial fibrillation and flutter,Rate,2008,0.01873240717042277,0.02162037667432516,0.010548527119015955
Deaths,Italy,Both,35-39 years,Atrial fibrillation and flutter,Rate,2008,0.029487169857808103,0.03508491228379519,0.01858616041413664
Deaths,Italy,Male,40-44 years,Atrial fibrillation and flutter,Rate,2008,0.154297139043018,0.1858645884987988,0.09091320245534416
Deaths,Italy,Female,40-44 years,Atrial fibrillation and flutter,Rate,2008,0.08382637134906046,0.0956319168307931,0.05692619954362322
Deaths,Italy,Both,40-44 years,Atrial fibrillation and flutter,Rate,2008,0.11917594731104582,0.13639478406578937,0.08191679949040616
Deaths,Italy,Male,45-49 years,Atrial fibrillation and flutter,Rate,2008,0.2897161157542999,0.3841829437252272,0.1707497333041956
Deaths,Italy,Female,45-49 years,Atrial fibrillation and flutter,Rate,2008,0.1543502603093582,0.1805884859271176,0.11570746867936361
Deaths,Italy,Both,45-49 years,Atrial fibrillation and flutter,Rate,2008,0.22159356665336022,0.2706854305380974,0.15921334915958243
Deaths,Italy,Male,50-54 years,Atrial fibrillation and flutter,Rate,2008,0.5940387874470547,0.8373905234535705,0.37894495779543946
Deaths,Italy,Female,50-54 years,Atrial fibrillation and flutter,Rate,2008,0.33823813889982707,0.4290542120581554,0.2661464682461851
Deaths,Italy,Both,50-54 years,Atrial fibrillation and flutter,Rate,2008,0.4641618463597288,0.5991472569356883,0.3579006974844832
Deaths,Italy,Male,55-59 years,Atrial fibrillation and flutter,Rate,2008,1.3360069956239362,1.9276702876528795,0.9108919565843566
Deaths,Italy,Female,55-59 years,Atrial fibrillation and flutter,Rate,2008,0.7919078449721425,1.113579981624678,0.7127947876684395
Deaths,Italy,Both,55-59 years,Atrial fibrillation and flutter,Rate,2008,1.057431487503209,1.3861159541356702,0.8594232279545695
Deaths,Italy,Male,60-64 years,Atrial fibrillation and flutter,Rate,2008,3.09055872425724,4.7593013229518295,2.1753575031128998
Deaths,Italy,Female,60-64 years,Atrial fibrillation and flutter,Rate,2008,2.010289923159153,2.626338702156689,1.8314390036755912
Deaths,Italy,Both,60-64 years,Atrial fibrillation and flutter,Rate,2008,2.531844517166908,3.4635985361184423,2.108558748964389
Deaths,Italy,Male,65-69 years,Atrial fibrillation and flutter,Rate,2008,6.696744013354614,9.901964393749791,4.512564839992599
Deaths,Italy,Female,65-69 years,Atrial fibrillation and flutter,Rate,2008,4.81336974331421,6.807358305481826,4.2569360473748725
Deaths,Italy,Both,65-69 years,Atrial fibrillation and flutter,Rate,2008,5.69992624613724,7.598289399904162,4.668050330570423
Deaths,Italy,Male,70-74 years,Atrial fibrillation and flutter,Rate,2008,17.183556824462222,24.485604065966776,11.942861427067356
Deaths,Italy,Female,70-74 years,Atrial fibrillation and flutter,Rate,2008,13.59825920390488,19.139646798807696,11.593492673146697
Deaths,Italy,Both,70-74 years,Atrial fibrillation and flutter,Rate,2008,15.216091570066407,19.75097653159814,12.737814252593992
Deaths,Italy,Male,75-79 years,Atrial fibrillation and flutter,Rate,2008,39.27412508455118,58.656836995963715,27.98870240831389
Deaths,Italy,Female,75-79 years,Atrial fibrillation and flutter,Rate,2008,33.29353783004362,49.54744285143352,28.224695000448502
Deaths,Italy,Both,75-79 years,Atrial fibrillation and flutter,Rate,2008,35.792303709353206,47.84438430991773,30.313176357357356
Deaths,Italy,Male,80-84,Atrial fibrillation and flutter,Rate,2008,104.76934145665783,148.36473050163718,73.01539405313858
Deaths,Italy,Female,80-84,Atrial fibrillation and flutter,Rate,2008,97.6297926265039,140.13729181261948,76.55993701620392
Deaths,Italy,Both,80-84,Atrial fibrillation and flutter,Rate,2008,100.26623979023806,130.2856655767182,81.10121495232242
Deaths,Italy,Male,85-89,Atrial fibrillation and flutter,Rate,2008,226.68351295519795,330.5024523747638,158.7920734232689
Deaths,Italy,Female,85-89,Atrial fibrillation and flutter,Rate,2008,221.7133834026001,348.74821206051814,170.0059865773577
Deaths,Italy,Both,85-89,Atrial fibrillation and flutter,Rate,2008,223.28367375988623,324.15316073786806,175.80404365244686
Deaths,Italy,Male,90-94,Atrial fibrillation and flutter,Rate,2008,458.4635467337848,628.0390718106115,301.03576819705984
Deaths,Italy,Female,90-94,Atrial fibrillation and flutter,Rate,2008,464.97452992375514,781.3762473424155,341.23299029932434
Deaths,Italy,Both,90-94,Atrial fibrillation and flutter,Rate,2008,463.25769369177283,698.3253798603401,349.92790044938727
Deaths,Italy,Male,30-34 years,Atrial fibrillation and flutter,Rate,2012,0.01988189844878116,0.02564556977635197,0.010013488936209304
Deaths,Italy,Female,30-34 years,Atrial fibrillation and flutter,Rate,2012,0.01033880809764912,0.011169758053151242,0.009364752253515933
Deaths,Italy,Both,30-34 years,Atrial fibrillation and flutter,Rate,2012,0.015134312542665847,0.018111122666573696,0.010044208754667964
Deaths,Italy,Male,35-39 years,Atrial fibrillation and flutter,Rate,2012,0.036387570086503625,0.048803093490537956,0.020183246261506402
Deaths,Italy,Female,35-39 years,Atrial fibrillation and flutter,Rate,2012,0.01799341446695726,0.020810484765597315,0.010165999834675494
Deaths,Italy,Both,35-39 years,Atrial fibrillation and flutter,Rate,2012,0.02721723571266271,0.03362822652320209,0.017074425347554493
Deaths,Italy,Male,40-44 years,Atrial fibrillation and flutter,Rate,2012,0.14513659695071782,0.18053250002954274,0.08127307365900127
Deaths,Italy,Female,40-44 years,Atrial fibrillation and flutter,Rate,2012,0.08019290451933611,0.09171750037161333,0.05395933255160622
Deaths,Italy,Both,40-44 years,Atrial fibrillation and flutter,Rate,2012,0.11260580969051394,0.1316611698193576,0.07570189876270074
Deaths,Italy,Male,45-49 years,Atrial fibrillation and flutter,Rate,2012,0.27400676223411974,0.35804707917265227,0.1535728711704756
Deaths,Italy,Female,45-49 years,Atrial fibrillation and flutter,Rate,2012,0.14921095661979586,0.16997652548080436,0.11131019856536332
Deaths,Italy,Both,45-49 years,Atrial fibrillation and flutter,Rate,2012,0.21111663613982012,0.25501095563172405,0.14741158413553973
Deaths,Italy,Male,50-54 years,Atrial fibrillation and flutter,Rate,2012,0.5769586088999328,0.8248070733859284,0.3640253076196462
Deaths,Italy,Female,50-54 years,Atrial fibrillation and flutter,Rate,2012,0.3325599476199672,0.42276437275523465,0.258812827985826
Deaths,Italy,Both,50-54 years,Atrial fibrillation and flutter,Rate,2012,0.4523889937785702,0.5823582930175536,0.3435867540157032
Deaths,Italy,Male,55-59 years,Atrial fibrillation and flutter,Rate,2012,1.310951059651353,1.903620842226204,0.8628949756224312
Deaths,Italy,Female,55-59 years,Atrial fibrillation and flutter,Rate,2012,0.7801827335457291,1.0986331888968126,0.7027930140780074
Deaths,Italy,Both,55-59 years,Atrial fibrillation and flutter,Rate,2012,1.0381235654444287,1.364014969347837,0.8257606620310888
Deaths,Italy,Male,60-64 years,Atrial fibrillation and flutter,Rate,2012,2.9107925932600076,4.531163748985135,1.987606540580666
Deaths,Italy,Female,60-64 years,Atrial fibrillation and flutter,Rate,2012,1.9082437363688016,2.548461766329244,1.734958561401534
Deaths,Italy,Both,60-64 years,Atrial fibrillation and flutter,Rate,2012,2.392132854553692,3.3375172146946834,1.9558469264848126
Deaths,Italy,Male,65-69 years,Atrial fibrillation and flutter,Rate,2012,6.591042670638863,9.74902469044241,4.402136262120716
Deaths,Italy,Female,65-69 years,Atrial fibrillation and flutter,Rate,2012,4.783108569935966,6.668848940906259,4.221073546307674
Deaths,Italy,Both,65-69 years,Atrial fibrillation and flutter,Rate,2012,5.641211210154953,7.587901856011199,4.56642817553379
Deaths,Italy,Male,70-74 years,Atrial fibrillation and flutter,Rate,2012,15.961440379449517,23.046137806432636,10.69341308874216
Deaths,Italy,Female,70-74 years,Atrial fibrillation and flutter,Rate,2012,12.718261036808215,18.199684066349192,10.761765893956362
Deaths,Italy,Both,70-74 years,Atrial fibrillation and flutter,Rate,2012,14.20618394672014,18.616016876146382,11.65324410464576
Deaths,Italy,Male,75-79 years,Atrial fibrillation and flutter,Rate,2012,37.0046216077162,55.769718451298,25.152741138142044
Deaths,Italy,Female,75-79 years,Atrial fibrillation and flutter,Rate,2012,31.68428528930992,46.90057330889792,26.40804576076098
Deaths,Italy,Both,75-79 years,Atrial fibrillation and flutter,Rate,2012,33.97417257218437,45.37766910420842,28.097146017194696
Deaths,Italy,Male,80-84,Atrial fibrillation and flutter,Rate,2012,100.37521923649535,142.21997566201955,67.54556639308663
Deaths,Italy,Female,80-84,Atrial fibrillation and flutter,Rate,2012,92.98824143018938,133.99330918242495,71.33511050161708
Deaths,Italy,Both,80-84,Atrial fibrillation and flutter,Rate,2012,95.83868664397018,123.87363123008895,76.01181077774709
Deaths,Italy,Male,85-89,Atrial fibrillation and flutter,Rate,2012,218.60863295373625,314.8535993405621,151.60042455869967
Deaths,Italy,Female,85-89,Atrial fibrillation and flutter,Rate,2012,210.64255040353282,335.6054334876681,160.15824862723807
Deaths,Italy,Both,85-89,Atrial fibrillation and flutter,Rate,2012,213.22832301624447,306.8226941978652,168.04744712079358
Deaths,Italy,Male,90-94,Atrial fibrillation and flutter,Rate,2012,454.59292940153466,631.6397584340506,297.0960657649737
Deaths,Italy,Female,90-94,Atrial fibrillation and flutter,Rate,2012,457.2570541423089,780.3212529902149,333.64091454419884
Deaths,Italy,Both,90-94,Atrial fibrillation and flutter,Rate,2012,456.5381037022283,698.6213464418165,344.7119115055822
Deaths,Italy,Male,30-34 years,Atrial fibrillation and flutter,Rate,2016,0.020317337636666325,0.02619343006918679,0.010343026978985011
Deaths,Italy,Female,30-34 years,Atrial fibrillation and flutter,Rate,2016,0.010237265561718322,0.011230454679364909,0.009139173806186408
Deaths,Italy,Both,30-34 years,Atrial fibrillation and flutter,Rate,2016,0.015299971675012961,0.018477074614599992,0.01020638363888119
Deaths,Italy,Male,35-39 years,Atrial fibrillation and flutter,Rate,2016,0.03522983907641145,0.04923493693278041,0.018819428970615892
Deaths,Italy,Female,35-39 years,Atrial fibrillation and flutter,Rate,2016,0.01798441634239644,0.020656783490641456,0.010559724531286821
Deaths,Italy,Both,35-39 years,Atrial fibrillation and flutter,Rate,2016,0.026618749979758067,0.033516671087461224,0.016461590349863938
Deaths,Italy,Male,40-44 years,Atrial fibrillation and flutter,Rate,2016,0.13753084483701117,0.18280563184359117,0.0744040092647902
Deaths,Italy,Female,40-44 years,Atrial fibrillation and flutter,Rate,2016,0.07640272432712351,0.0901405661326485,0.0512130478217114
Deaths,Italy,Both,40-44 years,Atrial fibrillation and flutter,Rate,2016,0.10684253184017194,0.12944850455612142,0.07044945480389143
Deaths,Italy,Male,45-49 years,Atrial fibrillation and flutter,Rate,2016,0.2549461219043159,0.341061096075338,0.1413110130557349
Deaths,Italy,Female,45-49 years,Atrial fibrillation and flutter,Rate,2016,0.14380416470404112,0.16595229793138128,0.10421027898224558
Deaths,Italy,Both,45-49 years,Atrial fibrillation and flutter,Rate,2016,0.19883240873656124,0.24459422729284824,0.13954474531923858
Deaths,Italy,Male,50-54 years,Atrial fibrillation and flutter,Rate,2016,0.5484527788312803,0.8020917742021588,0.3424722137169281
Deaths,Italy,Female,50-54 years,Atrial fibrillation and flutter,Rate,2016,0.315876830965599,0.40425354541192055,0.25418327906220206
Deaths,Italy,Both,50-54 years,Atrial fibrillation and flutter,Rate,2016,0.43013996974904484,0.5632003943912012,0.3303105178177553
Deaths,Italy,Male,55-59 years,Atrial fibrillation and flutter,Rate,2016,1.2681967304593338,1.9085975396357604,0.8263546688070256
Deaths,Italy,Female,55-59 years,Atrial fibrillation and flutter,Rate,2016,0.7806617929224936,1.1096586424416448,0.6859884693273061
Deaths,Italy,Both,55-59 years,Atrial fibrillation and flutter,Rate,2016,1.017249684193122,1.3762303168704069,0.8067994175971525
Deaths,Italy,Male,60-64 years,Atrial fibrillation and flutter,Rate,2016,2.8177615966909815,4.475174664344988,1.8758271203144004
Deaths,Italy,Female,60-64 years,Atrial fibrillation and flutter,Rate,2016,1.8567154207749432,2.482051747880411,1.6688651045129428
Deaths,Italy,Both,60-64 years,Atrial fibrillation and flutter,Rate,2016,2.319273122834631,3.25025244127626,1.8937861372753626
Deaths,Italy,Male,65-69 years,Atrial fibrillation and flutter,Rate,2016,6.144083689326825,9.58281122299275,4.033141995846265
Deaths,Italy,Female,65-69 years,Atrial fibrillation and flutter,Rate,2016,4.575313735411257,6.568882252721529,4.027112578691422
Deaths,Italy,Both,65-69 years,Atrial fibrillation and flutter,Rate,2016,5.323525563579803,7.1909298253845995,4.282586966546886
Deaths,Italy,Male,70-74 years,Atrial fibrillation and flutter,Rate,2016,15.45548247620974,22.644784612518638,10.279775058174236
Deaths,Italy,Female,70-74 years,Atrial fibrillation and flutter,Rate,2016,12.546222998853366,18.206626224793236,10.630941041967795
Deaths,Italy,Both,70-74 years,Atrial fibrillation and flutter,Rate,2016,13.893687470954314,18.5612298380802,11.350948908033024
Deaths,Italy,Male,75-79 years,Atrial fibrillation and flutter,Rate,2016,34.319484396706045,52.93798790332744,22.87291168517234
Deaths,Italy,Female,75-79 years,Atrial fibrillation and flutter,Rate,2016,29.569602657460045,44.336747849222256,24.430723104522226
Deaths,Italy,Both,75-79 years,Atrial fibrillation and flutter,Rate,2016,31.667442169398363,43.3932454373478,25.772935521807725
Deaths,Italy,Male,80-84,Atrial fibrillation and flutter,Rate,2016,93.02711873737873,133.54802460714734,62.15285229226299
Deaths,Italy,Female,80-84,Atrial fibrillation and flutter,Rate,2016,88.99428704004475,129.50363806432244,68.06063718311387
Deaths,Italy,Both,80-84,Atrial fibrillation and flutter,Rate,2016,90.61736670100241,119.7624947601118,71.32844235922327
Deaths,Italy,Male,85-89,Atrial fibrillation and flutter,Rate,2016,210.58344778892769,303.46160681871606,144.75822095309042
Deaths,Italy,Female,85-89,Atrial fibrillation and flutter,Rate,2016,206.31123470250182,331.74950731692223,156.8105423304232
Deaths,Italy,Both,85-89,Atrial fibrillation and flutter,Rate,2016,207.77902270972302,298.6828210522293,161.71355491047166
Deaths,Italy,Male,90-94,Atrial fibrillation and flutter,Rate,2016,462.5922063554771,637.6595734919015,300.89582486717205
Deaths,Italy,Female,90-94,Atrial fibrillation and flutter,Rate,2016,447.78981305347713,748.0921603673124,331.9498164541878
Deaths,Italy,Both,90-94,Atrial fibrillation and flutter,Rate,2016,451.8521053695451,682.2442972600945,347.4836488473579
Deaths,Italy,Male,30-34 years,Atrial fibrillation and flutter,Rate,2017,0.020134700275728,0.026148738670475437,0.01026075900000175
Deaths,Italy,Female,30-34 years,Atrial fibrillation and flutter,Rate,2017,0.010280015367629515,0.011319075983750095,0.009116201413686955
Deaths,Italy,Both,30-34 years,Atrial fibrillation and flutter,Rate,2017,0.015238142377230557,0.018487662405218725,0.010193965086266814
Deaths,Italy,Male,35-39 years,Atrial fibrillation and flutter,Rate,2017,0.03540095596708911,0.05029188882184789,0.01890937562068392
Deaths,Italy,Female,35-39 years,Atrial fibrillation and flutter,Rate,2017,0.018183420410044532,0.020827973525260418,0.010685422730203583
Deaths,Italy,Both,35-39 years,Atrial fibrillation and flutter,Rate,2017,0.026805382311636827,0.033975135295517385,0.01641341220402972
Deaths,Italy,Male,40-44 years,Atrial fibrillation and flutter,Rate,2017,0.13744848435001855,0.18193412879506943,0.07475065998225024
Deaths,Italy,Female,40-44 years,Atrial fibrillation and flutter,Rate,2017,0.07657578986887636,0.09044572040088354,0.05240253189307642
Deaths,Italy,Both,40-44 years,Atrial fibrillation and flutter,Rate,2017,0.10690810907951366,0.13077126747992204,0.07036694723506733
Deaths,Italy,Male,45-49 years,Atrial fibrillation and flutter,Rate,2017,0.2537177350448823,0.3407467558223218,0.14078569650518838
Deaths,Italy,Female,45-49 years,Atrial fibrillation and flutter,Rate,2017,0.14562321531337966,0.17000737894535417,0.10630239590428305
Deaths,Italy,Both,45-49 years,Atrial fibrillation and flutter,Rate,2017,0.19910188469742993,0.24719162431690972,0.13976490872297187
Deaths,Italy,Male,50-54 years,Atrial fibrillation and flutter,Rate,2017,0.5496572680078523,0.8057377608800754,0.3459856297411279
Deaths,Italy,Female,50-54 years,Atrial fibrillation and flutter,Rate,2017,0.3164813265143422,0.4032693784365138,0.25274496144907815
Deaths,Italy,Both,50-54 years,Atrial fibrillation and flutter,Rate,2017,0.4312088642162196,0.5663549188551213,0.33141979164651647
Deaths,Italy,Male,55-59 years,Atrial fibrillation and flutter,Rate,2017,1.2729168700777638,1.909577520093948,0.828168584467454
Deaths,Italy,Female,55-59 years,Atrial fibrillation and flutter,Rate,2017,0.7776331812015492,1.1102174425016575,0.6746706421144987
Deaths,Italy,Both,55-59 years,Atrial fibrillation and flutter,Rate,2017,1.0180174502425823,1.3772087388276673,0.8033179959905137
Deaths,Italy,Male,60-64 years,Atrial fibrillation and flutter,Rate,2017,2.7955586457516883,4.474195208949755,1.8538055917366716
Deaths,Italy,Female,60-64 years,Atrial fibrillation and flutter,Rate,2017,1.8451110008002989,2.4887942471129754,1.6476236714371237
Deaths,Italy,Both,60-64 years,Atrial fibrillation and flutter,Rate,2017,2.3024491435494125,3.2461294100399036,1.8706333026418058
Deaths,Italy,Male,65-69 years,Atrial fibrillation and flutter,Rate,2017,6.1063574964972585,9.49707657299141,3.9842666332550256
Deaths,Italy,Female,65-69 years,Atrial fibrillation and flutter,Rate,2017,4.551589777236018,6.530784544727471,3.956401414287316
Deaths,Italy,Both,65-69 years,Atrial fibrillation and flutter,Rate,2017,5.292759887589815,7.193795518895687,4.27568816340059
Deaths,Italy,Male,70-74 years,Atrial fibrillation and flutter,Rate,2017,15.465945061536422,22.60344846413904,10.31359262307512
Deaths,Italy,Female,70-74 years,Atrial fibrillation and flutter,Rate,2017,12.553607675743963,18.232042268713958,10.5839753723537
Deaths,Italy,Both,70-74 years,Atrial fibrillation and flutter,Rate,2017,13.907465244875947,18.57791877598577,11.363380228117949
Deaths,Italy,Male,75-79 years,Atrial fibrillation and flutter,Rate,2017,34.127476422331505,53.21176543124655,22.89715389951594
Deaths,Italy,Female,75-79 years,Atrial fibrillation and flutter,Rate,2017,29.270209326014438,43.89445090159813,23.9112050639204
Deaths,Italy,Both,75-79 years,Atrial fibrillation and flutter,Rate,2017,31.42321999005466,43.13855524153694,25.58670978065637
Deaths,Italy,Male,80-84,Atrial fibrillation and flutter,Rate,2017,92.44271724971057,133.17814380554648,61.92313538353531
Deaths,Italy,Female,80-84,Atrial fibrillation and flutter,Rate,2017,88.15990747312755,128.1202844119739,67.48635387976145
Deaths,Italy,Both,80-84,Atrial fibrillation and flutter,Rate,2017,89.89877853373778,119.35288004813016,70.56558885169848
Deaths,Italy,Male,85-89,Atrial fibrillation and flutter,Rate,2017,209.0487561037085,300.1352255446472,143.77184844815764
Deaths,Italy,Female,85-89,Atrial fibrillation and flutter,Rate,2017,203.43343895108507,329.8441795447337,153.36936313217691
Deaths,Italy,Both,85-89,Atrial fibrillation and flutter,Rate,2017,205.39191201777214,293.8384481653281,158.93552812688324
Deaths,Italy,Male,90-94,Atrial fibrillation and flutter,Rate,2017,457.79305475274793,632.3243236460162,297.44901322761723
Deaths,Italy,Female,90-94,Atrial fibrillation and flutter,Rate,2017,442.6264500388832,738.7401272726087,327.64797254778665
Deaths,Italy,Both,90-94,Atrial fibrillation and flutter,Rate,2017,446.8328751842153,670.0551312455787,343.11653159146965
Deaths,Italy,Male,30-34 years,Atrial fibrillation and flutter,Rate,2013,0.02017115970799695,0.025833110009085024,0.010153859026710219
Deaths,Italy,Female,30-34 years,Atrial fibrillation and flutter,Rate,2013,0.010212899716635072,0.011113628852805502,0.009287080862851328
Deaths,Italy,Both,30-34 years,Atrial fibrillation and flutter,Rate,2013,0.015212266159881154,0.018173886668561907,0.010097074524226118
Deaths,Italy,Male,35-39 years,Atrial fibrillation and flutter,Rate,2013,0.036112136667287506,0.049465346520711995,0.019561848647187647
Deaths,Italy,Female,35-39 years,Atrial fibrillation and flutter,Rate,2013,0.01800233113966253,0.020700826442413632,0.010321704298568704
Deaths,Italy,Both,35-39 years,Atrial fibrillation and flutter,Rate,2013,0.027070989599268132,0.03386870151714387,0.01678218352037231
Deaths,Italy,Male,40-44 years,Atrial fibrillation and flutter,Rate,2013,0.1443131573867979,0.1827324340034689,0.07884951682996291
Deaths,Italy,Female,40-44 years,Atrial fibrillation and flutter,Rate,2013,0.0789481005346673,0.09090627252696247,0.05275299607931026
Deaths,Italy,Both,40-44 years,Atrial fibrillation and flutter,Rate,2013,0.11154612728765587,0.1316954533429631,0.07438821747196148
Deaths,Italy,Male,45-49 years,Atrial fibrillation and flutter,Rate,2013,0.26889734446460956,0.348958070185827,0.1480467722472353
Deaths,Italy,Female,45-49 years,Atrial fibrillation and flutter,Rate,2013,0.14526057956772642,0.16591852864992318,0.10774424158956972
Deaths,Italy,Both,45-49 years,Atrial fibrillation and flutter,Rate,2013,0.2065590297742051,0.2503298496917033,0.143209599985839
Deaths,Italy,Male,50-54 years,Atrial fibrillation and flutter,Rate,2013,0.5733614873043994,0.8225636559606435,0.3596844022386893
Deaths,Italy,Female,50-54 years,Atrial fibrillation and flutter,Rate,2013,0.324311599743934,0.4136148601173479,0.25686512145550267
Deaths,Italy,Both,50-54 years,Atrial fibrillation and flutter,Rate,2013,0.44635592825256454,0.5726009402226439,0.33751730917452544
Deaths,Italy,Male,55-59 years,Atrial fibrillation and flutter,Rate,2013,1.2997588834500267,1.8929770526124325,0.8516186441284108
Deaths,Italy,Female,55-59 years,Atrial fibrillation and flutter,Rate,2013,0.7745214176108223,1.0977851741226967,0.6931227305963129
Deaths,Italy,Both,55-59 years,Atrial fibrillation and flutter,Rate,2013,1.0296069168005864,1.3680293033861803,0.8129661452705218
Deaths,Italy,Male,60-64 years,Atrial fibrillation and flutter,Rate,2013,2.8714146257106896,4.423850294098425,1.9432687254660521
Deaths,Italy,Female,60-64 years,Atrial fibrillation and flutter,Rate,2013,1.9016172723316493,2.535045096467406,1.7185543388908677
Deaths,Italy,Both,60-64 years,Atrial fibrillation and flutter,Rate,2013,2.3692262563527624,3.3084552888966594,1.9275708103853288
Deaths,Italy,Male,65-69 years,Atrial fibrillation and flutter,Rate,2013,6.461438756965023,9.686114338610915,4.256204086422764
Deaths,Italy,Female,65-69 years,Atrial fibrillation and flutter,Rate,2013,4.739757066822597,6.549036719758027,4.195375971949436
Deaths,Italy,Both,65-69 years,Atrial fibrillation and flutter,Rate,2013,5.559027846489065,7.432010384450803,4.483496984953854
Deaths,Italy,Male,70-74 years,Atrial fibrillation and flutter,Rate,2013,15.676341806852642,23.004778991560812,10.489859106951615
Deaths,Italy,Female,70-74 years,Atrial fibrillation and flutter,Rate,2013,12.513910691384076,18.135316842662668,10.557661081841768
Deaths,Italy,Both,70-74 years,Atrial fibrillation and flutter,Rate,2013,13.967948416109756,18.34697201105718,11.364204811810101
Deaths,Italy,Male,75-79 years,Atrial fibrillation and flutter,Rate,2013,36.1183878454278,54.47767390769077,24.41314762432231
Deaths,Italy,Female,75-79 years,Atrial fibrillation and flutter,Rate,2013,30.926757591432388,45.70030964106849,25.70351539946069
Deaths,Italy,Both,75-79 years,Atrial fibrillation and flutter,Rate,2013,33.177963701659394,44.29719011758313,27.247796909606915
Deaths,Italy,Male,80-84,Atrial fibrillation and flutter,Rate,2013,97.8361013081603,139.34932439180136,65.49735179198903
Deaths,Italy,Female,80-84,Atrial fibrillation and flutter,Rate,2013,90.90899155010591,130.51290304263154,69.0271195244584
Deaths,Italy,Both,80-84,Atrial fibrillation and flutter,Rate,2013,93.60782888605338,122.24421132202865,73.41360228059892
Deaths,Italy,Male,85-89,Atrial fibrillation and flutter,Rate,2013,213.1363609063065,306.5566474888048,147.46764508808292
Deaths,Italy,Female,85-89,Atrial fibrillation and flutter,Rate,2013,205.7818283154727,332.4022727130247,156.37636017540726
Deaths,Italy,Both,85-89,Atrial fibrillation and flutter,Rate,2013,208.20090473483745,300.030939927013,163.10879833441572
Deaths,Italy,Male,90-94,Atrial fibrillation and flutter,Rate,2013,450.1071012910203,626.3652542985087,294.65358620959097
Deaths,Italy,Female,90-94,Atrial fibrillation and flutter,Rate,2013,448.8335316227798,764.1146901684205,330.1093283483747
Deaths,Italy,Both,90-94,Atrial fibrillation and flutter,Rate,2013,449.17730101661675,687.0910768305598,338.4018357161731
Deaths,Italy,Male,30-34 years,Atrial fibrillation and flutter,Rate,2018,0.020573683989638315,0.026570836114858488,0.010457056093770822
Deaths,Italy,Female,30-34 years,Atrial fibrillation and flutter,Rate,2018,0.010326194706424185,0.011412435025020725,0.009120574162566423
Deaths,Italy,Both,30-34 years,Atrial fibrillation and flutter,Rate,2018,0.015490868954255974,0.018728399997158578,0.010316968901444708
Deaths,Italy,Male,35-39 years,Atrial fibrillation and flutter,Rate,2018,0.03624722230494903,0.05087867170792689,0.01911355067770935
Deaths,Italy,Female,35-39 years,Atrial fibrillation and flutter,Rate,2018,0.018097472671261525,0.020837844331484518,0.01063308583641583
Deaths,Italy,Both,35-39 years,Atrial fibrillation and flutter,Rate,2018,0.027191447065927514,0.03459369883104567,0.016738142246634218
Deaths,Italy,Male,40-44 years,Atrial fibrillation and flutter,Rate,2018,0.13838981182045723,0.18360029371574602,0.07500977771888484
Deaths,Italy,Female,40-44 years,Atrial fibrillation and flutter,Rate,2018,0.07742134186803334,0.09124126196064411,0.05271194027202536
Deaths,Italy,Both,40-44 years,Atrial fibrillation and flutter,Rate,2018,0.1078009864600394,0.13239348703901074,0.07106249038735693
Deaths,Italy,Male,45-49 years,Atrial fibrillation and flutter,Rate,2018,0.255716358304167,0.3398800655274389,0.14144119127893584
Deaths,Italy,Female,45-49 years,Atrial fibrillation and flutter,Rate,2018,0.1459050234589695,0.16926309161766467,0.10779754005847723
Deaths,Italy,Both,45-49 years,Atrial fibrillation and flutter,Rate,2018,0.20027710617253816,0.24826857041961306,0.14039041203903174
Deaths,Italy,Male,50-54 years,Atrial fibrillation and flutter,Rate,2018,0.544289858793054,0.8028783797608385,0.3422776078630305
Deaths,Italy,Female,50-54 years,Atrial fibrillation and flutter,Rate,2018,0.3165568669448087,0.4036572499326142,0.25506575156805017
Deaths,Italy,Both,50-54 years,Atrial fibrillation and flutter,Rate,2018,0.4286561144389958,0.5620038545262183,0.3296696888021565
Deaths,Italy,Male,55-59 years,Atrial fibrillation and flutter,Rate,2018,1.2477695547109737,1.88785248195695,0.8188394265018794
Deaths,Italy,Female,55-59 years,Atrial fibrillation and flutter,Rate,2018,0.7764492918518227,1.1031593362158356,0.6743556749941
Deaths,Italy,Both,55-59 years,Atrial fibrillation and flutter,Rate,2018,1.0052989904233371,1.3633360311254645,0.7963550362842824
Deaths,Italy,Male,60-64 years,Atrial fibrillation and flutter,Rate,2018,2.7904116841020863,4.454256949478795,1.8571187135038005
Deaths,Italy,Female,60-64 years,Atrial fibrillation and flutter,Rate,2018,1.862055875445134,2.49453465381276,1.6540972542528298
Deaths,Italy,Both,60-64 years,Atrial fibrillation and flutter,Rate,2018,2.3086479710107812,3.244209323379442,1.8808105794050844
Deaths,Italy,Male,65-69 years,Atrial fibrillation and flutter,Rate,2018,6.114111854919314,9.432884740104377,3.9926454691051823
Deaths,Italy,Female,65-69 years,Atrial fibrillation and flutter,Rate,2018,4.612695189112746,6.619731314470293,4.000770054332541
Deaths,Italy,Both,65-69 years,Atrial fibrillation and flutter,Rate,2018,5.327782023524327,7.256596195066251,4.2948447650545205
Deaths,Italy,Male,70-74 years,Atrial fibrillation and flutter,Rate,2018,15.275062907912893,22.432089619675768,10.20884773977392
Deaths,Italy,Female,70-74 years,Atrial fibrillation and flutter,Rate,2018,12.498878819012326,18.26474328302058,10.516439458617299
Deaths,Italy,Both,70-74 years,Atrial fibrillation and flutter,Rate,2018,13.793301602820806,18.456552520924408,11.328484622723703
Deaths,Italy,Male,75-79 years,Atrial fibrillation and flutter,Rate,2018,34.484509276019416,52.912477658343974,23.378560121066506
Deaths,Italy,Female,75-79 years,Atrial fibrillation and flutter,Rate,2018,30.13147475409013,45.07077161189811,24.76350876488159
Deaths,Italy,Both,75-79 years,Atrial fibrillation and flutter,Rate,2018,32.06597499603452,43.78107554794066,26.335330846244474
Deaths,Italy,Male,80-84,Atrial fibrillation and flutter,Rate,2018,93.4763293977018,134.2375099973142,63.3717148125072
Deaths,Italy,Female,80-84,Atrial fibrillation and flutter,Rate,2018,90.51385744381942,131.08228536678502,69.66440254967794
Deaths,Italy,Both,80-84,Atrial fibrillation and flutter,Rate,2018,91.72827584708863,120.52074378970624,71.91175523163542
Deaths,Italy,Male,85-89,Atrial fibrillation and flutter,Rate,2018,209.83224448826456,301.7294339763849,143.8835185728599
Deaths,Italy,Female,85-89,Atrial fibrillation and flutter,Rate,2018,207.30312827352176,334.08149765820025,157.97565337800523
Deaths,Italy,Both,85-89,Atrial fibrillation and flutter,Rate,2018,208.19688034302638,299.7227101406898,162.10471667044408
Deaths,Italy,Male,90-94,Atrial fibrillation and flutter,Rate,2018,451.1103446463393,623.9814833567059,292.65517848964544
Deaths,Italy,Female,90-94,Atrial fibrillation and flutter,Rate,2018,449.87758940177866,748.9536793388115,333.35575711335883
Deaths,Italy,Both,90-94,Atrial fibrillation and flutter,Rate,2018,450.2252858211012,675.9654298808833,345.53782237135334
Deaths,Italy,Male,30-34 years,Atrial fibrillation and flutter,Rate,2014,0.020395682208400434,0.02629526737616941,0.010228241117055845
Deaths,Italy,Female,30-34 years,Atrial fibrillation and flutter,Rate,2014,0.010114508536709595,0.011244612696752341,0.008771643528250439
Deaths,Italy,Both,30-34 years,Atrial fibrillation and flutter,Rate,2014,0.015275321404679087,0.01846705692996466,0.010146109083789514
Deaths,Italy,Male,35-39 years,Atrial fibrillation and flutter,Rate,2014,0.035588801056339534,0.049786723688078335,0.019253620779812335
Deaths,Italy,Female,35-39 years,Atrial fibrillation and flutter,Rate,2014,0.018084615182490694,0.020933056752179956,0.010476334866173363
Deaths,Italy,Both,35-39 years,Atrial fibrillation and flutter,Rate,2014,0.02684627759989261,0.03383908107528424,0.016523349026987197
Deaths,Italy,Male,40-44 years,Atrial fibrillation and flutter,Rate,2014,0.1416814202785924,0.18303055484126288,0.07707284837355387
Deaths,Italy,Female,40-44 years,Atrial fibrillation and flutter,Rate,2014,0.07695165817826412,0.08987643255660223,0.051445796271215906
Deaths,Italy,Both,40-44 years,Atrial fibrillation and flutter,Rate,2014,0.10919709913529276,0.13126162967777544,0.07219050400077769
Deaths,Italy,Male,45-49 years,Atrial fibrillation and flutter,Rate,2014,0.26628226119049775,0.3477192942211254,0.1465647810947556
Deaths,Italy,Female,45-49 years,Atrial fibrillation and flutter,Rate,2014,0.14227279491844577,0.16471117407646246,0.10465986235329051
Deaths,Italy,Both,45-49 years,Atrial fibrillation and flutter,Rate,2014,0.20374865333287925,0.2462612197076732,0.14056368610339567
Deaths,Italy,Male,50-54 years,Atrial fibrillation and flutter,Rate,2014,0.5674870510817401,0.8162407018824852,0.3569615617887472
Deaths,Italy,Female,50-54 years,Atrial fibrillation and flutter,Rate,2014,0.31949500718711127,0.41194240751805383,0.2502588742549857
Deaths,Italy,Both,50-54 years,Atrial fibrillation and flutter,Rate,2014,0.4410390383877956,0.5723884157601994,0.3319027539402116
Deaths,Italy,Male,55-59 years,Atrial fibrillation and flutter,Rate,2014,1.279372778812856,1.89428060555972,0.8295032807554186
Deaths,Italy,Female,55-59 years,Atrial fibrillation and flutter,Rate,2014,0.7762565273137241,1.1070055836422343,0.6952157134062739
Deaths,Italy,Both,55-59 years,Atrial fibrillation and flutter,Rate,2014,1.0203129977014724,1.367738280157091,0.8039847719353097
Deaths,Italy,Male,60-64 years,Atrial fibrillation and flutter,Rate,2014,2.8770416886175156,4.487874453132918,1.9297449228449217
Deaths,Italy,Female,60-64 years,Atrial fibrillation and flutter,Rate,2014,1.8754799277962877,2.4969735322251845,1.6914370201117825
Deaths,Italy,Both,60-64 years,Atrial fibrillation and flutter,Rate,2014,2.358388250364354,3.2880690356257127,1.907387109670688
Deaths,Italy,Male,65-69 years,Atrial fibrillation and flutter,Rate,2014,6.33787991949437,9.625574100002705,4.1352379543675255
Deaths,Italy,Female,65-69 years,Atrial fibrillation and flutter,Rate,2014,4.688708146712794,6.572820262977588,4.147060267684924
Deaths,Italy,Both,65-69 years,Atrial fibrillation and flutter,Rate,2014,5.474845304286946,7.361469711823853,4.398619456153894
Deaths,Italy,Male,70-74 years,Atrial fibrillation and flutter,Rate,2014,15.455025556356052,22.556051122598774,10.28809137614804
Deaths,Italy,Female,70-74 years,Atrial fibrillation and flutter,Rate,2014,12.333568568906793,18.12773685102766,10.42347604552475
Deaths,Italy,Both,70-74 years,Atrial fibrillation and flutter,Rate,2014,13.771724443040387,18.2767230043803,11.152614627349971
Deaths,Italy,Male,75-79 years,Atrial fibrillation and flutter,Rate,2014,35.282555931917756,54.041726279073934,23.420596421271256
Deaths,Italy,Female,75-79 years,Atrial fibrillation and flutter,Rate,2014,30.21661406398948,45.0208308674963,25.07238235204235
Deaths,Italy,Both,75-79 years,Atrial fibrillation and flutter,Rate,2014,32.42806456250313,43.90278501793149,26.42160990366649
Deaths,Italy,Male,80-84,Atrial fibrillation and flutter,Rate,2014,96.06271193877328,136.88403840597513,63.87600115895819
Deaths,Italy,Female,80-84,Atrial fibrillation and flutter,Rate,2014,89.96719950233657,129.9488821780497,68.410306450006
Deaths,Italy,Both,80-84,Atrial fibrillation and flutter,Rate,2014,92.36880570985002,121.32589407203855,72.25561495634344
Deaths,Italy,Male,85-89,Atrial fibrillation and flutter,Rate,2014,210.99563824338435,303.9135641287948,144.63165663012623
Deaths,Italy,Female,85-89,Atrial fibrillation and flutter,Rate,2014,204.3455599736886,330.6927800944143,154.82697811912976
Deaths,Italy,Both,85-89,Atrial fibrillation and flutter,Rate,2014,206.5602315760909,296.9482195177811,160.77132671478628
Deaths,Italy,Male,90-94,Atrial fibrillation and flutter,Rate,2014,452.2184778371774,626.083246285328,294.2616493570839
Deaths,Italy,Female,90-94,Atrial fibrillation and flutter,Rate,2014,446.56978352163037,756.7774284588373,331.006133242739
Deaths,Italy,Both,90-94,Atrial fibrillation and flutter,Rate,2014,448.10147162994434,682.4488135467631,340.8499882651978
