year,age,sex,af_incd_clbr_fctr,af_ftlt_clbr_fctr,nonmodelled_ftlt_clbr_fctr
2018,50,men,1,1,1
2018,50,women,1,1,1
2018,51,men,1,1,1
2018,51,women,1,1,1
2018,52,men,1,1,1
2018,52,women,1,1,1
2018,53,men,1,1,1
2018,53,women,1,1,1
2018,54,men,1,1,1
2018,54,women,1,1,1
2018,55,men,1,1,1
2018,55,women,1,1,1
2018,56,men,1,1,1
2018,56,women,1,1,1
2018,57,men,1,1,1
2018,57,women,1,1,1
2018,58,men,1,1,1
2018,58,women,1,1,1
2018,59,men,1,1,1
2018,59,women,1,1,1
2018,60,men,1,1,1
2018,60,women,1,1,1
2018,61,men,1,1,1
2018,61,women,1,1,1
2018,62,men,1,1,1
2018,62,women,1,1,1
2018,63,men,1,1,1
2018,63,women,1,1,1
2018,64,men,1,1,1
2018,64,women,1,1,1
2018,65,men,1,1,1
2018,65,women,1,1,1
2018,66,men,1,1,1
2018,66,women,1,1,1
2018,67,men,1,1,1
2018,67,women,1,1,1
2018,68,men,1,1,1
2018,68,women,1,1,1
2018,69,men,1,1,1
2018,69,women,1,1,1
2018,70,men,1,1,1
2018,70,women,1,1,1
2018,71,men,1,1,1
2018,71,women,1,1,1
2018,72,men,1,1,1
2018,72,women,1,1,1
2018,73,men,1,1,1
2018,73,women,1,1,1
2018,74,men,1,1,1
2018,74,women,1,1,1
2018,75,men,1,1,1
2018,75,women,1,1,1
2018,76,men,1,1,1
2018,76,women,1,1,1
2018,77,men,1,1,1
2018,77,women,1,1,1
2018,78,men,1,1,1
2018,78,women,1,1,1
2018,79,men,1,1,1
2018,79,women,1,1,1
2018,80,men,1,1,1
2018,80,women,1,1,1
2018,81,men,1,1,1
2018,81,women,1,1,1
2018,82,men,1,1,1
2018,82,women,1,1,1
2018,83,men,1,1,1
2018,83,women,1,1,1
2018,84,men,1,1,1
2018,84,women,1,1,1
2018,85,men,1,1,1
2018,85,women,1,1,1
2018,86,men,1,1,1
2018,86,women,1,1,1
2018,87,men,1,1,1
2018,87,women,1,1,1
2018,88,men,1,1,1
2018,88,women,1,1,1
2018,89,men,1,1,1
2018,89,women,1,1,1
2018,90,men,1,1,1
2018,90,women,1,1,1
2018,91,men,1,1,1
2018,91,women,1,1,1
2018,92,men,1,1,1
2018,92,women,1,1,1
2018,93,men,1,1,1
2018,93,women,1,1,1
2018,94,men,1,1,1
2018,94,women,1,1,1
2018,95,men,1,1,1
2018,95,women,1,1,1
2018,96,men,1,1,1
2018,96,women,1,1,1
2018,97,men,1,1,1
2018,97,women,1,1,1
2018,98,men,1,1,1
2018,98,women,1,1,1
2018,99,men,1,1,1
2018,99,women,1,1,1
2019,50,men,1,1,1
2019,50,women,1,1,1
2019,51,men,1,1,1
2019,51,women,1,1,1
2019,52,men,1,1,1
2019,52,women,1,1,1
2019,53,men,1,1,1
2019,53,women,1,1,1
2019,54,men,1,1,1
2019,54,women,1,1,1
2019,55,men,1,1,1
2019,55,women,1,1,1
2019,56,men,1,1,1
2019,56,women,1,1,1
2019,57,men,1,1,1
2019,57,women,1,1,1
2019,58,men,1,1,1
2019,58,women,1,1,1
2019,59,men,1,1,1
2019,59,women,1,1,1
2019,60,men,1,1,1
2019,60,women,1,1,1
2019,61,men,1,1,1
2019,61,women,1,1,1
2019,62,men,1,1,1
2019,62,women,1,1,1
2019,63,men,1,1,1
2019,63,women,1,1,1
2019,64,men,1,1,1
2019,64,women,1,1,1
2019,65,men,1,1,1
2019,65,women,1,1,1
2019,66,men,1,1,1
2019,66,women,1,1,1
2019,67,men,1,1,1
2019,67,women,1,1,1
2019,68,men,1,1,1
2019,68,women,1,1,1
2019,69,men,1,1,1
2019,69,women,1,1,1
2019,70,men,1,1,1
2019,70,women,1,1,1
2019,71,men,1,1,1
2019,71,women,1,1,1
2019,72,men,1,1,1
2019,72,women,1,1,1
2019,73,men,1,1,1
2019,73,women,1,1,1
2019,74,men,1,1,1
2019,74,women,1,1,1
2019,75,men,1,1,1
2019,75,women,1,1,1
2019,76,men,1,1,1
2019,76,women,1,1,1
2019,77,men,1,1,1
2019,77,women,1,1,1
2019,78,men,1,1,1
2019,78,women,1,1,1
2019,79,men,1,1,1
2019,79,women,1,1,1
2019,80,men,1,1,1
2019,80,women,1,1,1
2019,81,men,1,1,1
2019,81,women,1,1,1
2019,82,men,1,1,1
2019,82,women,1,1,1
2019,83,men,1,1,1
2019,83,women,1,1,1
2019,84,men,1,1,1
2019,84,women,1,1,1
2019,85,men,1,1,1
2019,85,women,1,1,1
2019,86,men,1,1,1
2019,86,women,1,1,1
2019,87,men,1,1,1
2019,87,women,1,1,1
2019,88,men,1,1,1
2019,88,women,1,1,1
2019,89,men,1,1,1
2019,89,women,1,1,1
2019,90,men,1,1,1
2019,90,women,1,1,1
2019,91,men,1,1,1
2019,91,women,1,1,1
2019,92,men,1,1,1
2019,92,women,1,1,1
2019,93,men,1,1,1
2019,93,women,1,1,1
2019,94,men,1,1,1
2019,94,women,1,1,1
2019,95,men,1,1,1
2019,95,women,1,1,1
2019,96,men,1,1,1
2019,96,women,1,1,1
2019,97,men,1,1,1
2019,97,women,1,1,1
2019,98,men,1,1,1
2019,98,women,1,1,1
2019,99,men,1,1,1
2019,99,women,1,1,1
2020,50,men,1,1,1
2020,50,women,1,1,1
2020,51,men,1,1,1
2020,51,women,1,1,1
2020,52,men,1,1,1
2020,52,women,1,1,1
2020,53,men,1,1,1
2020,53,women,1,1,1
2020,54,men,1,1,1
2020,54,women,1,1,1
2020,55,men,1,1,1
2020,55,women,1,1,1
2020,56,men,1,1,1
2020,56,women,1,1,1
2020,57,men,1,1,1
2020,57,women,1,1,1
2020,58,men,1,1,1
2020,58,women,1,1,1
2020,59,men,1,1,1
2020,59,women,1,1,1
2020,60,men,1,1,1
2020,60,women,1,1,1
2020,61,men,1,1,1
2020,61,women,1,1,1
2020,62,men,1,1,1
2020,62,women,1,1,1
2020,63,men,1,1,1
2020,63,women,1,1,1
2020,64,men,1,1,1
2020,64,women,1,1,1
2020,65,men,1,1,1
2020,65,women,1,1,1
2020,66,men,1,1,1
2020,66,women,1,1,1
2020,67,men,1,1,1
2020,67,women,1,1,1
2020,68,men,1,1,1
2020,68,women,1,1,1
2020,69,men,1,1,1
2020,69,women,1,1,1
2020,70,men,1,1,1
2020,70,women,1,1,1
2020,71,men,1,1,1
2020,71,women,1,1,1
2020,72,men,1,1,1
2020,72,women,1,1,1
2020,73,men,1,1,1
2020,73,women,1,1,1
2020,74,men,1,1,1
2020,74,women,1,1,1
2020,75,men,1,1,1
2020,75,women,1,1,1
2020,76,men,1,1,1
2020,76,women,1,1,1
2020,77,men,1,1,1
2020,77,women,1,1,1
2020,78,men,1,1,1
2020,78,women,1,1,1
2020,79,men,1,1,1
2020,79,women,1,1,1
2020,80,men,1,1,1
2020,80,women,1,1,1
2020,81,men,1,1,1
2020,81,women,1,1,1
2020,82,men,1,1,1
2020,82,women,1,1,1
2020,83,men,1,1,1
2020,83,women,1,1,1
2020,84,men,1,1,1
2020,84,women,1,1,1
2020,85,men,1,1,1
2020,85,women,1,1,1
2020,86,men,1,1,1
2020,86,women,1,1,1
2020,87,men,1,1,1
2020,87,women,1,1,1
2020,88,men,1,1,1
2020,88,women,1,1,1
2020,89,men,1,1,1
2020,89,women,1,1,1
2020,90,men,1,1,1
2020,90,women,1,1,1
2020,91,men,1,1,1
2020,91,women,1,1,1
2020,92,men,1,1,1
2020,92,women,1,1,1
2020,93,men,1,1,1
2020,93,women,1,1,1
2020,94,men,1,1,1
2020,94,women,1,1,1
2020,95,men,1,1,1
2020,95,women,1,1,1
2020,96,men,1,1,1
2020,96,women,1,1,1
2020,97,men,1,1,1
2020,97,women,1,1,1
2020,98,men,1,1,1
2020,98,women,1,1,1
2020,99,men,1,1,1
2020,99,women,1,1,1
2021,50,men,1,1,1
2021,50,women,1,1,1
2021,51,men,1,1,1
2021,51,women,1,1,1
2021,52,men,1,1,1
2021,52,women,1,1,1
2021,53,men,1,1,1
2021,53,women,1,1,1
2021,54,men,1,1,1
2021,54,women,1,1,1
2021,55,men,1,1,1
2021,55,women,1,1,1
2021,56,men,1,1,1
2021,56,women,1,1,1
2021,57,men,1,1,1
2021,57,women,1,1,1
2021,58,men,1,1,1
2021,58,women,1,1,1
2021,59,men,1,1,1
2021,59,women,1,1,1
2021,60,men,1,1,1
2021,60,women,1,1,1
2021,61,men,1,1,1
2021,61,women,1,1,1
2021,62,men,1,1,1
2021,62,women,1,1,1
2021,63,men,1,1,1
2021,63,women,1,1,1
2021,64,men,1,1,1
2021,64,women,1,1,1
2021,65,men,1,1,1
2021,65,women,1,1,1
2021,66,men,1,1,1
2021,66,women,1,1,1
2021,67,men,1,1,1
2021,67,women,1,1,1
2021,68,men,1,1,1
2021,68,women,1,1,1
2021,69,men,1,1,1
2021,69,women,1,1,1
2021,70,men,1,1,1
2021,70,women,1,1,1
2021,71,men,1,1,1
2021,71,women,1,1,1
2021,72,men,1,1,1
2021,72,women,1,1,1
2021,73,men,1,1,1
2021,73,women,1,1,1
2021,74,men,1,1,1
2021,74,women,1,1,1
2021,75,men,1,1,1
2021,75,women,1,1,1
2021,76,men,1,1,1
2021,76,women,1,1,1
2021,77,men,1,1,1
2021,77,women,1,1,1
2021,78,men,1,1,1
2021,78,women,1,1,1
2021,79,men,1,1,1
2021,79,women,1,1,1
2021,80,men,1,1,1
2021,80,women,1,1,1
2021,81,men,1,1,1
2021,81,women,1,1,1
2021,82,men,1,1,1
2021,82,women,1,1,1
2021,83,men,1,1,1
2021,83,women,1,1,1
2021,84,men,1,1,1
2021,84,women,1,1,1
2021,85,men,1,1,1
2021,85,women,1,1,1
2021,86,men,1,1,1
2021,86,women,1,1,1
2021,87,men,1,1,1
2021,87,women,1,1,1
2021,88,men,1,1,1
2021,88,women,1,1,1
2021,89,men,1,1,1
2021,89,women,1,1,1
2021,90,men,1,1,1
2021,90,women,1,1,1
2021,91,men,1,1,1
2021,91,women,1,1,1
2021,92,men,1,1,1
2021,92,women,1,1,1
2021,93,men,1,1,1
2021,93,women,1,1,1
2021,94,men,1,1,1
2021,94,women,1,1,1
2021,95,men,1,1,1
2021,95,women,1,1,1
2021,96,men,1,1,1
2021,96,women,1,1,1
2021,97,men,1,1,1
2021,97,women,1,1,1
2021,98,men,1,1,1
2021,98,women,1,1,1
2021,99,men,1,1,1
2021,99,women,1,1,1
2022,50,men,1,1,1
2022,50,women,1,1,1
2022,51,men,1,1,1
2022,51,women,1,1,1
2022,52,men,1,1,1
2022,52,women,1,1,1
2022,53,men,1,1,1
2022,53,women,1,1,1
2022,54,men,1,1,1
2022,54,women,1,1,1
2022,55,men,1,1,1
2022,55,women,1,1,1
2022,56,men,1,1,1
2022,56,women,1,1,1
2022,57,men,1,1,1
2022,57,women,1,1,1
2022,58,men,1,1,1
2022,58,women,1,1,1
2022,59,men,1,1,1
2022,59,women,1,1,1
2022,60,men,1,1,1
2022,60,women,1,1,1
2022,61,men,1,1,1
2022,61,women,1,1,1
2022,62,men,1,1,1
2022,62,women,1,1,1
2022,63,men,1,1,1
2022,63,women,1,1,1
2022,64,men,1,1,1
2022,64,women,1,1,1
2022,65,men,1,1,1
2022,65,women,1,1,1
2022,66,men,1,1,1
2022,66,women,1,1,1
2022,67,men,1,1,1
2022,67,women,1,1,1
2022,68,men,1,1,1
2022,68,women,1,1,1
2022,69,men,1,1,1
2022,69,women,1,1,1
2022,70,men,1,1,1
2022,70,women,1,1,1
2022,71,men,1,1,1
2022,71,women,1,1,1
2022,72,men,1,1,1
2022,72,women,1,1,1
2022,73,men,1,1,1
2022,73,women,1,1,1
2022,74,men,1,1,1
2022,74,women,1,1,1
2022,75,men,1,1,1
2022,75,women,1,1,1
2022,76,men,1,1,1
2022,76,women,1,1,1
2022,77,men,1,1,1
2022,77,women,1,1,1
2022,78,men,1,1,1
2022,78,women,1,1,1
2022,79,men,1,1,1
2022,79,women,1,1,1
2022,80,men,1,1,1
2022,80,women,1,1,1
2022,81,men,1,1,1
2022,81,women,1,1,1
2022,82,men,1,1,1
2022,82,women,1,1,1
2022,83,men,1,1,1
2022,83,women,1,1,1
2022,84,men,1,1,1
2022,84,women,1,1,1
2022,85,men,1,1,1
2022,85,women,1,1,1
2022,86,men,1,1,1
2022,86,women,1,1,1
2022,87,men,1,1,1
2022,87,women,1,1,1
2022,88,men,1,1,1
2022,88,women,1,1,1
2022,89,men,1,1,1
2022,89,women,1,1,1
2022,90,men,1,1,1
2022,90,women,1,1,1
2022,91,men,1,1,1
2022,91,women,1,1,1
2022,92,men,1,1,1
2022,92,women,1,1,1
2022,93,men,1,1,1
2022,93,women,1,1,1
2022,94,men,1,1,1
2022,94,women,1,1,1
2022,95,men,1,1,1
2022,95,women,1,1,1
2022,96,men,1,1,1
2022,96,women,1,1,1
2022,97,men,1,1,1
2022,97,women,1,1,1
2022,98,men,1,1,1
2022,98,women,1,1,1
2022,99,men,1,1,1
2022,99,women,1,1,1
2023,50,men,1,1,1
2023,50,women,1,1,1
2023,51,men,1,1,1
2023,51,women,1,1,1
2023,52,men,1,1,1
2023,52,women,1,1,1
2023,53,men,1,1,1
2023,53,women,1,1,1
2023,54,men,1,1,1
2023,54,women,1,1,1
2023,55,men,1,1,1
2023,55,women,1,1,1
2023,56,men,1,1,1
2023,56,women,1,1,1
2023,57,men,1,1,1
2023,57,women,1,1,1
2023,58,men,1,1,1
2023,58,women,1,1,1
2023,59,men,1,1,1
2023,59,women,1,1,1
2023,60,men,1,1,1
2023,60,women,1,1,1
2023,61,men,1,1,1
2023,61,women,1,1,1
2023,62,men,1,1,1
2023,62,women,1,1,1
2023,63,men,1,1,1
2023,63,women,1,1,1
2023,64,men,1,1,1
2023,64,women,1,1,1
2023,65,men,1,1,1
2023,65,women,1,1,1
2023,66,men,1,1,1
2023,66,women,1,1,1
2023,67,men,1,1,1
2023,67,women,1,1,1
2023,68,men,1,1,1
2023,68,women,1,1,1
2023,69,men,1,1,1
2023,69,women,1,1,1
2023,70,men,1,1,1
2023,70,women,1,1,1
2023,71,men,1,1,1
2023,71,women,1,1,1
2023,72,men,1,1,1
2023,72,women,1,1,1
2023,73,men,1,1,1
2023,73,women,1,1,1
2023,74,men,1,1,1
2023,74,women,1,1,1
2023,75,men,1,1,1
2023,75,women,1,1,1
2023,76,men,1,1,1
2023,76,women,1,1,1
2023,77,men,1,1,1
2023,77,women,1,1,1
2023,78,men,1,1,1
2023,78,women,1,1,1
2023,79,men,1,1,1
2023,79,women,1,1,1
2023,80,men,1,1,1
2023,80,women,1,1,1
2023,81,men,1,1,1
2023,81,women,1,1,1
2023,82,men,1,1,1
2023,82,women,1,1,1
2023,83,men,1,1,1
2023,83,women,1,1,1
2023,84,men,1,1,1
2023,84,women,1,1,1
2023,85,men,1,1,1
2023,85,women,1,1,1
2023,86,men,1,1,1
2023,86,women,1,1,1
2023,87,men,1,1,1
2023,87,women,1,1,1
2023,88,men,1,1,1
2023,88,women,1,1,1
2023,89,men,1,1,1
2023,89,women,1,1,1
2023,90,men,1,1,1
2023,90,women,1,1,1
2023,91,men,1,1,1
2023,91,women,1,1,1
2023,92,men,1,1,1
2023,92,women,1,1,1
2023,93,men,1,1,1
2023,93,women,1,1,1
2023,94,men,1,1,1
2023,94,women,1,1,1
2023,95,men,1,1,1
2023,95,women,1,1,1
2023,96,men,1,1,1
2023,96,women,1,1,1
2023,97,men,1,1,1
2023,97,women,1,1,1
2023,98,men,1,1,1
2023,98,women,1,1,1
2023,99,men,1,1,1
2023,99,women,1,1,1
2024,50,men,1,1,1
2024,50,women,1,1,1
2024,51,men,1,1,1
2024,51,women,1,1,1
2024,52,men,1,1,1
2024,52,women,1,1,1
2024,53,men,1,1,1
2024,53,women,1,1,1
2024,54,men,1,1,1
2024,54,women,1,1,1
2024,55,men,1,1,1
2024,55,women,1,1,1
2024,56,men,1,1,1
2024,56,women,1,1,1
2024,57,men,1,1,1
2024,57,women,1,1,1
2024,58,men,1,1,1
2024,58,women,1,1,1
2024,59,men,1,1,1
2024,59,women,1,1,1
2024,60,men,1,1,1
2024,60,women,1,1,1
2024,61,men,1,1,1
2024,61,women,1,1,1
2024,62,men,1,1,1
2024,62,women,1,1,1
2024,63,men,1,1,1
2024,63,women,1,1,1
2024,64,men,1,1,1
2024,64,women,1,1,1
2024,65,men,1,1,1
2024,65,women,1,1,1
2024,66,men,1,1,1
2024,66,women,1,1,1
2024,67,men,1,1,1
2024,67,women,1,1,1
2024,68,men,1,1,1
2024,68,women,1,1,1
2024,69,men,1,1,1
2024,69,women,1,1,1
2024,70,men,1,1,1
2024,70,women,1,1,1
2024,71,men,1,1,1
2024,71,women,1,1,1
2024,72,men,1,1,1
2024,72,women,1,1,1
2024,73,men,1,1,1
2024,73,women,1,1,1
2024,74,men,1,1,1
2024,74,women,1,1,1
2024,75,men,1,1,1
2024,75,women,1,1,1
2024,76,men,1,1,1
2024,76,women,1,1,1
2024,77,men,1,1,1
2024,77,women,1,1,1
2024,78,men,1,1,1
2024,78,women,1,1,1
2024,79,men,1,1,1
2024,79,women,1,1,1
2024,80,men,1,1,1
2024,80,women,1,1,1
2024,81,men,1,1,1
2024,81,women,1,1,1
2024,82,men,1,1,1
2024,82,women,1,1,1
2024,83,men,1,1,1
2024,83,women,1,1,1
2024,84,men,1,1,1
2024,84,women,1,1,1
2024,85,men,1,1,1
2024,85,women,1,1,1
2024,86,men,1,1,1
2024,86,women,1,1,1
2024,87,men,1,1,1
2024,87,women,1,1,1
2024,88,men,1,1,1
2024,88,women,1,1,1
2024,89,men,1,1,1
2024,89,women,1,1,1
2024,90,men,1,1,1
2024,90,women,1,1,1
2024,91,men,1,1,1
2024,91,women,1,1,1
2024,92,men,1,1,1
2024,92,women,1,1,1
2024,93,men,1,1,1
2024,93,women,1,1,1
2024,94,men,1,1,1
2024,94,women,1,1,1
2024,95,men,1,1,1
2024,95,women,1,1,1
2024,96,men,1,1,1
2024,96,women,1,1,1
2024,97,men,1,1,1
2024,97,women,1,1,1
2024,98,men,1,1,1
2024,98,women,1,1,1
2024,99,men,1,1,1
2024,99,women,1,1,1
2025,50,men,1,1,1
2025,50,women,1,1,1
2025,51,men,1,1,1
2025,51,women,1,1,1
2025,52,men,1,1,1
2025,52,women,1,1,1
2025,53,men,1,1,1
2025,53,women,1,1,1
2025,54,men,1,1,1
2025,54,women,1,1,1
2025,55,men,1,1,1
2025,55,women,1,1,1
2025,56,men,1,1,1
2025,56,women,1,1,1
2025,57,men,1,1,1
2025,57,women,1,1,1
2025,58,men,1,1,1
2025,58,women,1,1,1
2025,59,men,1,1,1
2025,59,women,1,1,1
2025,60,men,1,1,1
2025,60,women,1,1,1
2025,61,men,1,1,1
2025,61,women,1,1,1
2025,62,men,1,1,1
2025,62,women,1,1,1
2025,63,men,1,1,1
2025,63,women,1,1,1
2025,64,men,1,1,1
2025,64,women,1,1,1
2025,65,men,1,1,1
2025,65,women,1,1,1
2025,66,men,1,1,1
2025,66,women,1,1,1
2025,67,men,1,1,1
2025,67,women,1,1,1
2025,68,men,1,1,1
2025,68,women,1,1,1
2025,69,men,1,1,1
2025,69,women,1,1,1
2025,70,men,1,1,1
2025,70,women,1,1,1
2025,71,men,1,1,1
2025,71,women,1,1,1
2025,72,men,1,1,1
2025,72,women,1,1,1
2025,73,men,1,1,1
2025,73,women,1,1,1
2025,74,men,1,1,1
2025,74,women,1,1,1
2025,75,men,1,1,1
2025,75,women,1,1,1
2025,76,men,1,1,1
2025,76,women,1,1,1
2025,77,men,1,1,1
2025,77,women,1,1,1
2025,78,men,1,1,1
2025,78,women,1,1,1
2025,79,men,1,1,1
2025,79,women,1,1,1
2025,80,men,1,1,1
2025,80,women,1,1,1
2025,81,men,1,1,1
2025,81,women,1,1,1
2025,82,men,1,1,1
2025,82,women,1,1,1
2025,83,men,1,1,1
2025,83,women,1,1,1
2025,84,men,1,1,1
2025,84,women,1,1,1
2025,85,men,1,1,1
2025,85,women,1,1,1
2025,86,men,1,1,1
2025,86,women,1,1,1
2025,87,men,1,1,1
2025,87,women,1,1,1
2025,88,men,1,1,1
2025,88,women,1,1,1
2025,89,men,1,1,1
2025,89,women,1,1,1
2025,90,men,1,1,1
2025,90,women,1,1,1
2025,91,men,1,1,1
2025,91,women,1,1,1
2025,92,men,1,1,1
2025,92,women,1,1,1
2025,93,men,1,1,1
2025,93,women,1,1,1
2025,94,men,1,1,1
2025,94,women,1,1,1
2025,95,men,1,1,1
2025,95,women,1,1,1
2025,96,men,1,1,1
2025,96,women,1,1,1
2025,97,men,1,1,1
2025,97,women,1,1,1
2025,98,men,1,1,1
2025,98,women,1,1,1
2025,99,men,1,1,1
2025,99,women,1,1,1
2026,50,men,1,1,1
2026,50,women,1,1,1
2026,51,men,1,1,1
2026,51,women,1,1,1
2026,52,men,1,1,1
2026,52,women,1,1,1
2026,53,men,1,1,1
2026,53,women,1,1,1
2026,54,men,1,1,1
2026,54,women,1,1,1
2026,55,men,1,1,1
2026,55,women,1,1,1
2026,56,men,1,1,1
2026,56,women,1,1,1
2026,57,men,1,1,1
2026,57,women,1,1,1
2026,58,men,1,1,1
2026,58,women,1,1,1
2026,59,men,1,1,1
2026,59,women,1,1,1
2026,60,men,1,1,1
2026,60,women,1,1,1
2026,61,men,1,1,1
2026,61,women,1,1,1
2026,62,men,1,1,1
2026,62,women,1,1,1
2026,63,men,1,1,1
2026,63,women,1,1,1
2026,64,men,1,1,1
2026,64,women,1,1,1
2026,65,men,1,1,1
2026,65,women,1,1,1
2026,66,men,1,1,1
2026,66,women,1,1,1
2026,67,men,1,1,1
2026,67,women,1,1,1
2026,68,men,1,1,1
2026,68,women,1,1,1
2026,69,men,1,1,1
2026,69,women,1,1,1
2026,70,men,1,1,1
2026,70,women,1,1,1
2026,71,men,1,1,1
2026,71,women,1,1,1
2026,72,men,1,1,1
2026,72,women,1,1,1
2026,73,men,1,1,1
2026,73,women,1,1,1
2026,74,men,1,1,1
2026,74,women,1,1,1
2026,75,men,1,1,1
2026,75,women,1,1,1
2026,76,men,1,1,1
2026,76,women,1,1,1
2026,77,men,1,1,1
2026,77,women,1,1,1
2026,78,men,1,1,1
2026,78,women,1,1,1
2026,79,men,1,1,1
2026,79,women,1,1,1
2026,80,men,1,1,1
2026,80,women,1,1,1
2026,81,men,1,1,1
2026,81,women,1,1,1
2026,82,men,1,1,1
2026,82,women,1,1,1
2026,83,men,1,1,1
2026,83,women,1,1,1
2026,84,men,1,1,1
2026,84,women,1,1,1
2026,85,men,1,1,1
2026,85,women,1,1,1
2026,86,men,1,1,1
2026,86,women,1,1,1
2026,87,men,1,1,1
2026,87,women,1,1,1
2026,88,men,1,1,1
2026,88,women,1,1,1
2026,89,men,1,1,1
2026,89,women,1,1,1
2026,90,men,1,1,1
2026,90,women,1,1,1
2026,91,men,1,1,1
2026,91,women,1,1,1
2026,92,men,1,1,1
2026,92,women,1,1,1
2026,93,men,1,1,1
2026,93,women,1,1,1
2026,94,men,1,1,1
2026,94,women,1,1,1
2026,95,men,1,1,1
2026,95,women,1,1,1
2026,96,men,1,1,1
2026,96,women,1,1,1
2026,97,men,1,1,1
2026,97,women,1,1,1
2026,98,men,1,1,1
2026,98,women,1,1,1
2026,99,men,1,1,1
2026,99,women,1,1,1
2027,50,men,1,1,1
2027,50,women,1,1,1
2027,51,men,1,1,1
2027,51,women,1,1,1
2027,52,men,1,1,1
2027,52,women,1,1,1
2027,53,men,1,1,1
2027,53,women,1,1,1
2027,54,men,1,1,1
2027,54,women,1,1,1
2027,55,men,1,1,1
2027,55,women,1,1,1
2027,56,men,1,1,1
2027,56,women,1,1,1
2027,57,men,1,1,1
2027,57,women,1,1,1
2027,58,men,1,1,1
2027,58,women,1,1,1
2027,59,men,1,1,1
2027,59,women,1,1,1
2027,60,men,1,1,1
2027,60,women,1,1,1
2027,61,men,1,1,1
2027,61,women,1,1,1
2027,62,men,1,1,1
2027,62,women,1,1,1
2027,63,men,1,1,1
2027,63,women,1,1,1
2027,64,men,1,1,1
2027,64,women,1,1,1
2027,65,men,1,1,1
2027,65,women,1,1,1
2027,66,men,1,1,1
2027,66,women,1,1,1
2027,67,men,1,1,1
2027,67,women,1,1,1
2027,68,men,1,1,1
2027,68,women,1,1,1
2027,69,men,1,1,1
2027,69,women,1,1,1
2027,70,men,1,1,1
2027,70,women,1,1,1
2027,71,men,1,1,1
2027,71,women,1,1,1
2027,72,men,1,1,1
2027,72,women,1,1,1
2027,73,men,1,1,1
2027,73,women,1,1,1
2027,74,men,1,1,1
2027,74,women,1,1,1
2027,75,men,1,1,1
2027,75,women,1,1,1
2027,76,men,1,1,1
2027,76,women,1,1,1
2027,77,men,1,1,1
2027,77,women,1,1,1
2027,78,men,1,1,1
2027,78,women,1,1,1
2027,79,men,1,1,1
2027,79,women,1,1,1
2027,80,men,1,1,1
2027,80,women,1,1,1
2027,81,men,1,1,1
2027,81,women,1,1,1
2027,82,men,1,1,1
2027,82,women,1,1,1
2027,83,men,1,1,1
2027,83,women,1,1,1
2027,84,men,1,1,1
2027,84,women,1,1,1
2027,85,men,1,1,1
2027,85,women,1,1,1
2027,86,men,1,1,1
2027,86,women,1,1,1
2027,87,men,1,1,1
2027,87,women,1,1,1
2027,88,men,1,1,1
2027,88,women,1,1,1
2027,89,men,1,1,1
2027,89,women,1,1,1
2027,90,men,1,1,1
2027,90,women,1,1,1
2027,91,men,1,1,1
2027,91,women,1,1,1
2027,92,men,1,1,1
2027,92,women,1,1,1
2027,93,men,1,1,1
2027,93,women,1,1,1
2027,94,men,1,1,1
2027,94,women,1,1,1
2027,95,men,1,1,1
2027,95,women,1,1,1
2027,96,men,1,1,1
2027,96,women,1,1,1
2027,97,men,1,1,1
2027,97,women,1,1,1
2027,98,men,1,1,1
2027,98,women,1,1,1
2027,99,men,1,1,1
2027,99,women,1,1,1
2028,50,men,1,1,1
2028,50,women,1,1,1
2028,51,men,1,1,1
2028,51,women,1,1,1
2028,52,men,1,1,1
2028,52,women,1,1,1
2028,53,men,1,1,1
2028,53,women,1,1,1
2028,54,men,1,1,1
2028,54,women,1,1,1
2028,55,men,1,1,1
2028,55,women,1,1,1
2028,56,men,1,1,1
2028,56,women,1,1,1
2028,57,men,1,1,1
2028,57,women,1,1,1
2028,58,men,1,1,1
2028,58,women,1,1,1
2028,59,men,1,1,1
2028,59,women,1,1,1
2028,60,men,1,1,1
2028,60,women,1,1,1
2028,61,men,1,1,1
2028,61,women,1,1,1
2028,62,men,1,1,1
2028,62,women,1,1,1
2028,63,men,1,1,1
2028,63,women,1,1,1
2028,64,men,1,1,1
2028,64,women,1,1,1
2028,65,men,1,1,1
2028,65,women,1,1,1
2028,66,men,1,1,1
2028,66,women,1,1,1
2028,67,men,1,1,1
2028,67,women,1,1,1
2028,68,men,1,1,1
2028,68,women,1,1,1
2028,69,men,1,1,1
2028,69,women,1,1,1
2028,70,men,1,1,1
2028,70,women,1,1,1
2028,71,men,1,1,1
2028,71,women,1,1,1
2028,72,men,1,1,1
2028,72,women,1,1,1
2028,73,men,1,1,1
2028,73,women,1,1,1
2028,74,men,1,1,1
2028,74,women,1,1,1
2028,75,men,1,1,1
2028,75,women,1,1,1
2028,76,men,1,1,1
2028,76,women,1,1,1
2028,77,men,1,1,1
2028,77,women,1,1,1
2028,78,men,1,1,1
2028,78,women,1,1,1
2028,79,men,1,1,1
2028,79,women,1,1,1
2028,80,men,1,1,1
2028,80,women,1,1,1
2028,81,men,1,1,1
2028,81,women,1,1,1
2028,82,men,1,1,1
2028,82,women,1,1,1
2028,83,men,1,1,1
2028,83,women,1,1,1
2028,84,men,1,1,1
2028,84,women,1,1,1
2028,85,men,1,1,1
2028,85,women,1,1,1
2028,86,men,1,1,1
2028,86,women,1,1,1
2028,87,men,1,1,1
2028,87,women,1,1,1
2028,88,men,1,1,1
2028,88,women,1,1,1
2028,89,men,1,1,1
2028,89,women,1,1,1
2028,90,men,1,1,1
2028,90,women,1,1,1
2028,91,men,1,1,1
2028,91,women,1,1,1
2028,92,men,1,1,1
2028,92,women,1,1,1
2028,93,men,1,1,1
2028,93,women,1,1,1
2028,94,men,1,1,1
2028,94,women,1,1,1
2028,95,men,1,1,1
2028,95,women,1,1,1
2028,96,men,1,1,1
2028,96,women,1,1,1
2028,97,men,1,1,1
2028,97,women,1,1,1
2028,98,men,1,1,1
2028,98,women,1,1,1
2028,99,men,1,1,1
2028,99,women,1,1,1
2029,50,men,1,1,1
2029,50,women,1,1,1
2029,51,men,1,1,1
2029,51,women,1,1,1
2029,52,men,1,1,1
2029,52,women,1,1,1
2029,53,men,1,1,1
2029,53,women,1,1,1
2029,54,men,1,1,1
2029,54,women,1,1,1
2029,55,men,1,1,1
2029,55,women,1,1,1
2029,56,men,1,1,1
2029,56,women,1,1,1
2029,57,men,1,1,1
2029,57,women,1,1,1
2029,58,men,1,1,1
2029,58,women,1,1,1
2029,59,men,1,1,1
2029,59,women,1,1,1
2029,60,men,1,1,1
2029,60,women,1,1,1
2029,61,men,1,1,1
2029,61,women,1,1,1
2029,62,men,1,1,1
2029,62,women,1,1,1
2029,63,men,1,1,1
2029,63,women,1,1,1
2029,64,men,1,1,1
2029,64,women,1,1,1
2029,65,men,1,1,1
2029,65,women,1,1,1
2029,66,men,1,1,1
2029,66,women,1,1,1
2029,67,men,1,1,1
2029,67,women,1,1,1
2029,68,men,1,1,1
2029,68,women,1,1,1
2029,69,men,1,1,1
2029,69,women,1,1,1
2029,70,men,1,1,1
2029,70,women,1,1,1
2029,71,men,1,1,1
2029,71,women,1,1,1
2029,72,men,1,1,1
2029,72,women,1,1,1
2029,73,men,1,1,1
2029,73,women,1,1,1
2029,74,men,1,1,1
2029,74,women,1,1,1
2029,75,men,1,1,1
2029,75,women,1,1,1
2029,76,men,1,1,1
2029,76,women,1,1,1
2029,77,men,1,1,1
2029,77,women,1,1,1
2029,78,men,1,1,1
2029,78,women,1,1,1
2029,79,men,1,1,1
2029,79,women,1,1,1
2029,80,men,1,1,1
2029,80,women,1,1,1
2029,81,men,1,1,1
2029,81,women,1,1,1
2029,82,men,1,1,1
2029,82,women,1,1,1
2029,83,men,1,1,1
2029,83,women,1,1,1
2029,84,men,1,1,1
2029,84,women,1,1,1
2029,85,men,1,1,1
2029,85,women,1,1,1
2029,86,men,1,1,1
2029,86,women,1,1,1
2029,87,men,1,1,1
2029,87,women,1,1,1
2029,88,men,1,1,1
2029,88,women,1,1,1
2029,89,men,1,1,1
2029,89,women,1,1,1
2029,90,men,1,1,1
2029,90,women,1,1,1
2029,91,men,1,1,1
2029,91,women,1,1,1
2029,92,men,1,1,1
2029,92,women,1,1,1
2029,93,men,1,1,1
2029,93,women,1,1,1
2029,94,men,1,1,1
2029,94,women,1,1,1
2029,95,men,1,1,1
2029,95,women,1,1,1
2029,96,men,1,1,1
2029,96,women,1,1,1
2029,97,men,1,1,1
2029,97,women,1,1,1
2029,98,men,1,1,1
2029,98,women,1,1,1
2029,99,men,1,1,1
2029,99,women,1,1,1
2030,50,men,1,1,1
2030,50,women,1,1,1
2030,51,men,1,1,1
2030,51,women,1,1,1
2030,52,men,1,1,1
2030,52,women,1,1,1
2030,53,men,1,1,1
2030,53,women,1,1,1
2030,54,men,1,1,1
2030,54,women,1,1,1
2030,55,men,1,1,1
2030,55,women,1,1,1
2030,56,men,1,1,1
2030,56,women,1,1,1
2030,57,men,1,1,1
2030,57,women,1,1,1
2030,58,men,1,1,1
2030,58,women,1,1,1
2030,59,men,1,1,1
2030,59,women,1,1,1
2030,60,men,1,1,1
2030,60,women,1,1,1
2030,61,men,1,1,1
2030,61,women,1,1,1
2030,62,men,1,1,1
2030,62,women,1,1,1
2030,63,men,1,1,1
2030,63,women,1,1,1
2030,64,men,1,1,1
2030,64,women,1,1,1
2030,65,men,1,1,1
2030,65,women,1,1,1
2030,66,men,1,1,1
2030,66,women,1,1,1
2030,67,men,1,1,1
2030,67,women,1,1,1
2030,68,men,1,1,1
2030,68,women,1,1,1
2030,69,men,1,1,1
2030,69,women,1,1,1
2030,70,men,1,1,1
2030,70,women,1,1,1
2030,71,men,1,1,1
2030,71,women,1,1,1
2030,72,men,1,1,1
2030,72,women,1,1,1
2030,73,men,1,1,1
2030,73,women,1,1,1
2030,74,men,1,1,1
2030,74,women,1,1,1
2030,75,men,1,1,1
2030,75,women,1,1,1
2030,76,men,1,1,1
2030,76,women,1,1,1
2030,77,men,1,1,1
2030,77,women,1,1,1
2030,78,men,1,1,1
2030,78,women,1,1,1
2030,79,men,1,1,1
2030,79,women,1,1,1
2030,80,men,1,1,1
2030,80,women,1,1,1
2030,81,men,1,1,1
2030,81,women,1,1,1
2030,82,men,1,1,1
2030,82,women,1,1,1
2030,83,men,1,1,1
2030,83,women,1,1,1
2030,84,men,1,1,1
2030,84,women,1,1,1
2030,85,men,1,1,1
2030,85,women,1,1,1
2030,86,men,1,1,1
2030,86,women,1,1,1
2030,87,men,1,1,1
2030,87,women,1,1,1
2030,88,men,1,1,1
2030,88,women,1,1,1
2030,89,men,1,1,1
2030,89,women,1,1,1
2030,90,men,1,1,1
2030,90,women,1,1,1
2030,91,men,1,1,1
2030,91,women,1,1,1
2030,92,men,1,1,1
2030,92,women,1,1,1
2030,93,men,1,1,1
2030,93,women,1,1,1
2030,94,men,1,1,1
2030,94,women,1,1,1
2030,95,men,1,1,1
2030,95,women,1,1,1
2030,96,men,1,1,1
2030,96,women,1,1,1
2030,97,men,1,1,1
2030,97,women,1,1,1
2030,98,men,1,1,1
2030,98,women,1,1,1
2030,99,men,1,1,1
2030,99,women,1,1,1
2031,50,men,1,1,1
2031,50,women,1,1,1
2031,51,men,1,1,1
2031,51,women,1,1,1
2031,52,men,1,1,1
2031,52,women,1,1,1
2031,53,men,1,1,1
2031,53,women,1,1,1
2031,54,men,1,1,1
2031,54,women,1,1,1
2031,55,men,1,1,1
2031,55,women,1,1,1
2031,56,men,1,1,1
2031,56,women,1,1,1
2031,57,men,1,1,1
2031,57,women,1,1,1
2031,58,men,1,1,1
2031,58,women,1,1,1
2031,59,men,1,1,1
2031,59,women,1,1,1
2031,60,men,1,1,1
2031,60,women,1,1,1
2031,61,men,1,1,1
2031,61,women,1,1,1
2031,62,men,1,1,1
2031,62,women,1,1,1
2031,63,men,1,1,1
2031,63,women,1,1,1
2031,64,men,1,1,1
2031,64,women,1,1,1
2031,65,men,1,1,1
2031,65,women,1,1,1
2031,66,men,1,1,1
2031,66,women,1,1,1
2031,67,men,1,1,1
2031,67,women,1,1,1
2031,68,men,1,1,1
2031,68,women,1,1,1
2031,69,men,1,1,1
2031,69,women,1,1,1
2031,70,men,1,1,1
2031,70,women,1,1,1
2031,71,men,1,1,1
2031,71,women,1,1,1
2031,72,men,1,1,1
2031,72,women,1,1,1
2031,73,men,1,1,1
2031,73,women,1,1,1
2031,74,men,1,1,1
2031,74,women,1,1,1
2031,75,men,1,1,1
2031,75,women,1,1,1
2031,76,men,1,1,1
2031,76,women,1,1,1
2031,77,men,1,1,1
2031,77,women,1,1,1
2031,78,men,1,1,1
2031,78,women,1,1,1
2031,79,men,1,1,1
2031,79,women,1,1,1
2031,80,men,1,1,1
2031,80,women,1,1,1
2031,81,men,1,1,1
2031,81,women,1,1,1
2031,82,men,1,1,1
2031,82,women,1,1,1
2031,83,men,1,1,1
2031,83,women,1,1,1
2031,84,men,1,1,1
2031,84,women,1,1,1
2031,85,men,1,1,1
2031,85,women,1,1,1
2031,86,men,1,1,1
2031,86,women,1,1,1
2031,87,men,1,1,1
2031,87,women,1,1,1
2031,88,men,1,1,1
2031,88,women,1,1,1
2031,89,men,1,1,1
2031,89,women,1,1,1
2031,90,men,1,1,1
2031,90,women,1,1,1
2031,91,men,1,1,1
2031,91,women,1,1,1
2031,92,men,1,1,1
2031,92,women,1,1,1
2031,93,men,1,1,1
2031,93,women,1,1,1
2031,94,men,1,1,1
2031,94,women,1,1,1
2031,95,men,1,1,1
2031,95,women,1,1,1
2031,96,men,1,1,1
2031,96,women,1,1,1
2031,97,men,1,1,1
2031,97,women,1,1,1
2031,98,men,1,1,1
2031,98,women,1,1,1
2031,99,men,1,1,1
2031,99,women,1,1,1
2032,50,men,1,1,1
2032,50,women,1,1,1
2032,51,men,1,1,1
2032,51,women,1,1,1
2032,52,men,1,1,1
2032,52,women,1,1,1
2032,53,men,1,1,1
2032,53,women,1,1,1
2032,54,men,1,1,1
2032,54,women,1,1,1
2032,55,men,1,1,1
2032,55,women,1,1,1
2032,56,men,1,1,1
2032,56,women,1,1,1
2032,57,men,1,1,1
2032,57,women,1,1,1
2032,58,men,1,1,1
2032,58,women,1,1,1
2032,59,men,1,1,1
2032,59,women,1,1,1
2032,60,men,1,1,1
2032,60,women,1,1,1
2032,61,men,1,1,1
2032,61,women,1,1,1
2032,62,men,1,1,1
2032,62,women,1,1,1
2032,63,men,1,1,1
2032,63,women,1,1,1
2032,64,men,1,1,1
2032,64,women,1,1,1
2032,65,men,1,1,1
2032,65,women,1,1,1
2032,66,men,1,1,1
2032,66,women,1,1,1
2032,67,men,1,1,1
2032,67,women,1,1,1
2032,68,men,1,1,1
2032,68,women,1,1,1
2032,69,men,1,1,1
2032,69,women,1,1,1
2032,70,men,1,1,1
2032,70,women,1,1,1
2032,71,men,1,1,1
2032,71,women,1,1,1
2032,72,men,1,1,1
2032,72,women,1,1,1
2032,73,men,1,1,1
2032,73,women,1,1,1
2032,74,men,1,1,1
2032,74,women,1,1,1
2032,75,men,1,1,1
2032,75,women,1,1,1
2032,76,men,1,1,1
2032,76,women,1,1,1
2032,77,men,1,1,1
2032,77,women,1,1,1
2032,78,men,1,1,1
2032,78,women,1,1,1
2032,79,men,1,1,1
2032,79,women,1,1,1
2032,80,men,1,1,1
2032,80,women,1,1,1
2032,81,men,1,1,1
2032,81,women,1,1,1
2032,82,men,1,1,1
2032,82,women,1,1,1
2032,83,men,1,1,1
2032,83,women,1,1,1
2032,84,men,1,1,1
2032,84,women,1,1,1
2032,85,men,1,1,1
2032,85,women,1,1,1
2032,86,men,1,1,1
2032,86,women,1,1,1
2032,87,men,1,1,1
2032,87,women,1,1,1
2032,88,men,1,1,1
2032,88,women,1,1,1
2032,89,men,1,1,1
2032,89,women,1,1,1
2032,90,men,1,1,1
2032,90,women,1,1,1
2032,91,men,1,1,1
2032,91,women,1,1,1
2032,92,men,1,1,1
2032,92,women,1,1,1
2032,93,men,1,1,1
2032,93,women,1,1,1
2032,94,men,1,1,1
2032,94,women,1,1,1
2032,95,men,1,1,1
2032,95,women,1,1,1
2032,96,men,1,1,1
2032,96,women,1,1,1
2032,97,men,1,1,1
2032,97,women,1,1,1
2032,98,men,1,1,1
2032,98,women,1,1,1
2032,99,men,1,1,1
2032,99,women,1,1,1
2033,50,men,1,1,1
2033,50,women,1,1,1
2033,51,men,1,1,1
2033,51,women,1,1,1
2033,52,men,1,1,1
2033,52,women,1,1,1
2033,53,men,1,1,1
2033,53,women,1,1,1
2033,54,men,1,1,1
2033,54,women,1,1,1
2033,55,men,1,1,1
2033,55,women,1,1,1
2033,56,men,1,1,1
2033,56,women,1,1,1
2033,57,men,1,1,1
2033,57,women,1,1,1
2033,58,men,1,1,1
2033,58,women,1,1,1
2033,59,men,1,1,1
2033,59,women,1,1,1
2033,60,men,1,1,1
2033,60,women,1,1,1
2033,61,men,1,1,1
2033,61,women,1,1,1
2033,62,men,1,1,1
2033,62,women,1,1,1
2033,63,men,1,1,1
2033,63,women,1,1,1
2033,64,men,1,1,1
2033,64,women,1,1,1
2033,65,men,1,1,1
2033,65,women,1,1,1
2033,66,men,1,1,1
2033,66,women,1,1,1
2033,67,men,1,1,1
2033,67,women,1,1,1
2033,68,men,1,1,1
2033,68,women,1,1,1
2033,69,men,1,1,1
2033,69,women,1,1,1
2033,70,men,1,1,1
2033,70,women,1,1,1
2033,71,men,1,1,1
2033,71,women,1,1,1
2033,72,men,1,1,1
2033,72,women,1,1,1
2033,73,men,1,1,1
2033,73,women,1,1,1
2033,74,men,1,1,1
2033,74,women,1,1,1
2033,75,men,1,1,1
2033,75,women,1,1,1
2033,76,men,1,1,1
2033,76,women,1,1,1
2033,77,men,1,1,1
2033,77,women,1,1,1
2033,78,men,1,1,1
2033,78,women,1,1,1
2033,79,men,1,1,1
2033,79,women,1,1,1
2033,80,men,1,1,1
2033,80,women,1,1,1
2033,81,men,1,1,1
2033,81,women,1,1,1
2033,82,men,1,1,1
2033,82,women,1,1,1
2033,83,men,1,1,1
2033,83,women,1,1,1
2033,84,men,1,1,1
2033,84,women,1,1,1
2033,85,men,1,1,1
2033,85,women,1,1,1
2033,86,men,1,1,1
2033,86,women,1,1,1
2033,87,men,1,1,1
2033,87,women,1,1,1
2033,88,men,1,1,1
2033,88,women,1,1,1
2033,89,men,1,1,1
2033,89,women,1,1,1
2033,90,men,1,1,1
2033,90,women,1,1,1
2033,91,men,1,1,1
2033,91,women,1,1,1
2033,92,men,1,1,1
2033,92,women,1,1,1
2033,93,men,1,1,1
2033,93,women,1,1,1
2033,94,men,1,1,1
2033,94,women,1,1,1
2033,95,men,1,1,1
2033,95,women,1,1,1
2033,96,men,1,1,1
2033,96,women,1,1,1
2033,97,men,1,1,1
2033,97,women,1,1,1
2033,98,men,1,1,1
2033,98,women,1,1,1
2033,99,men,1,1,1
2033,99,women,1,1,1
2034,50,men,1,1,1
2034,50,women,1,1,1
2034,51,men,1,1,1
2034,51,women,1,1,1
2034,52,men,1,1,1
2034,52,women,1,1,1
2034,53,men,1,1,1
2034,53,women,1,1,1
2034,54,men,1,1,1
2034,54,women,1,1,1
2034,55,men,1,1,1
2034,55,women,1,1,1
2034,56,men,1,1,1
2034,56,women,1,1,1
2034,57,men,1,1,1
2034,57,women,1,1,1
2034,58,men,1,1,1
2034,58,women,1,1,1
2034,59,men,1,1,1
2034,59,women,1,1,1
2034,60,men,1,1,1
2034,60,women,1,1,1
2034,61,men,1,1,1
2034,61,women,1,1,1
2034,62,men,1,1,1
2034,62,women,1,1,1
2034,63,men,1,1,1
2034,63,women,1,1,1
2034,64,men,1,1,1
2034,64,women,1,1,1
2034,65,men,1,1,1
2034,65,women,1,1,1
2034,66,men,1,1,1
2034,66,women,1,1,1
2034,67,men,1,1,1
2034,67,women,1,1,1
2034,68,men,1,1,1
2034,68,women,1,1,1
2034,69,men,1,1,1
2034,69,women,1,1,1
2034,70,men,1,1,1
2034,70,women,1,1,1
2034,71,men,1,1,1
2034,71,women,1,1,1
2034,72,men,1,1,1
2034,72,women,1,1,1
2034,73,men,1,1,1
2034,73,women,1,1,1
2034,74,men,1,1,1
2034,74,women,1,1,1
2034,75,men,1,1,1
2034,75,women,1,1,1
2034,76,men,1,1,1
2034,76,women,1,1,1
2034,77,men,1,1,1
2034,77,women,1,1,1
2034,78,men,1,1,1
2034,78,women,1,1,1
2034,79,men,1,1,1
2034,79,women,1,1,1
2034,80,men,1,1,1
2034,80,women,1,1,1
2034,81,men,1,1,1
2034,81,women,1,1,1
2034,82,men,1,1,1
2034,82,women,1,1,1
2034,83,men,1,1,1
2034,83,women,1,1,1
2034,84,men,1,1,1
2034,84,women,1,1,1
2034,85,men,1,1,1
2034,85,women,1,1,1
2034,86,men,1,1,1
2034,86,women,1,1,1
2034,87,men,1,1,1
2034,87,women,1,1,1
2034,88,men,1,1,1
2034,88,women,1,1,1
2034,89,men,1,1,1
2034,89,women,1,1,1
2034,90,men,1,1,1
2034,90,women,1,1,1
2034,91,men,1,1,1
2034,91,women,1,1,1
2034,92,men,1,1,1
2034,92,women,1,1,1
2034,93,men,1,1,1
2034,93,women,1,1,1
2034,94,men,1,1,1
2034,94,women,1,1,1
2034,95,men,1,1,1
2034,95,women,1,1,1
2034,96,men,1,1,1
2034,96,women,1,1,1
2034,97,men,1,1,1
2034,97,women,1,1,1
2034,98,men,1,1,1
2034,98,women,1,1,1
2034,99,men,1,1,1
2034,99,women,1,1,1
2035,50,men,1,1,1
2035,50,women,1,1,1
2035,51,men,1,1,1
2035,51,women,1,1,1
2035,52,men,1,1,1
2035,52,women,1,1,1
2035,53,men,1,1,1
2035,53,women,1,1,1
2035,54,men,1,1,1
2035,54,women,1,1,1
2035,55,men,1,1,1
2035,55,women,1,1,1
2035,56,men,1,1,1
2035,56,women,1,1,1
2035,57,men,1,1,1
2035,57,women,1,1,1
2035,58,men,1,1,1
2035,58,women,1,1,1
2035,59,men,1,1,1
2035,59,women,1,1,1
2035,60,men,1,1,1
2035,60,women,1,1,1
2035,61,men,1,1,1
2035,61,women,1,1,1
2035,62,men,1,1,1
2035,62,women,1,1,1
2035,63,men,1,1,1
2035,63,women,1,1,1
2035,64,men,1,1,1
2035,64,women,1,1,1
2035,65,men,1,1,1
2035,65,women,1,1,1
2035,66,men,1,1,1
2035,66,women,1,1,1
2035,67,men,1,1,1
2035,67,women,1,1,1
2035,68,men,1,1,1
2035,68,women,1,1,1
2035,69,men,1,1,1
2035,69,women,1,1,1
2035,70,men,1,1,1
2035,70,women,1,1,1
2035,71,men,1,1,1
2035,71,women,1,1,1
2035,72,men,1,1,1
2035,72,women,1,1,1
2035,73,men,1,1,1
2035,73,women,1,1,1
2035,74,men,1,1,1
2035,74,women,1,1,1
2035,75,men,1,1,1
2035,75,women,1,1,1
2035,76,men,1,1,1
2035,76,women,1,1,1
2035,77,men,1,1,1
2035,77,women,1,1,1
2035,78,men,1,1,1
2035,78,women,1,1,1
2035,79,men,1,1,1
2035,79,women,1,1,1
2035,80,men,1,1,1
2035,80,women,1,1,1
2035,81,men,1,1,1
2035,81,women,1,1,1
2035,82,men,1,1,1
2035,82,women,1,1,1
2035,83,men,1,1,1
2035,83,women,1,1,1
2035,84,men,1,1,1
2035,84,women,1,1,1
2035,85,men,1,1,1
2035,85,women,1,1,1
2035,86,men,1,1,1
2035,86,women,1,1,1
2035,87,men,1,1,1
2035,87,women,1,1,1
2035,88,men,1,1,1
2035,88,women,1,1,1
2035,89,men,1,1,1
2035,89,women,1,1,1
2035,90,men,1,1,1
2035,90,women,1,1,1
2035,91,men,1,1,1
2035,91,women,1,1,1
2035,92,men,1,1,1
2035,92,women,1,1,1
2035,93,men,1,1,1
2035,93,women,1,1,1
2035,94,men,1,1,1
2035,94,women,1,1,1
2035,95,men,1,1,1
2035,95,women,1,1,1
2035,96,men,1,1,1
2035,96,women,1,1,1
2035,97,men,1,1,1
2035,97,women,1,1,1
2035,98,men,1,1,1
2035,98,women,1,1,1
2035,99,men,1,1,1
2035,99,women,1,1,1
2036,50,men,1,1,1
2036,50,women,1,1,1
2036,51,men,1,1,1
2036,51,women,1,1,1
2036,52,men,1,1,1
2036,52,women,1,1,1
2036,53,men,1,1,1
2036,53,women,1,1,1
2036,54,men,1,1,1
2036,54,women,1,1,1
2036,55,men,1,1,1
2036,55,women,1,1,1
2036,56,men,1,1,1
2036,56,women,1,1,1
2036,57,men,1,1,1
2036,57,women,1,1,1
2036,58,men,1,1,1
2036,58,women,1,1,1
2036,59,men,1,1,1
2036,59,women,1,1,1
2036,60,men,1,1,1
2036,60,women,1,1,1
2036,61,men,1,1,1
2036,61,women,1,1,1
2036,62,men,1,1,1
2036,62,women,1,1,1
2036,63,men,1,1,1
2036,63,women,1,1,1
2036,64,men,1,1,1
2036,64,women,1,1,1
2036,65,men,1,1,1
2036,65,women,1,1,1
2036,66,men,1,1,1
2036,66,women,1,1,1
2036,67,men,1,1,1
2036,67,women,1,1,1
2036,68,men,1,1,1
2036,68,women,1,1,1
2036,69,men,1,1,1
2036,69,women,1,1,1
2036,70,men,1,1,1
2036,70,women,1,1,1
2036,71,men,1,1,1
2036,71,women,1,1,1
2036,72,men,1,1,1
2036,72,women,1,1,1
2036,73,men,1,1,1
2036,73,women,1,1,1
2036,74,men,1,1,1
2036,74,women,1,1,1
2036,75,men,1,1,1
2036,75,women,1,1,1
2036,76,men,1,1,1
2036,76,women,1,1,1
2036,77,men,1,1,1
2036,77,women,1,1,1
2036,78,men,1,1,1
2036,78,women,1,1,1
2036,79,men,1,1,1
2036,79,women,1,1,1
2036,80,men,1,1,1
2036,80,women,1,1,1
2036,81,men,1,1,1
2036,81,women,1,1,1
2036,82,men,1,1,1
2036,82,women,1,1,1
2036,83,men,1,1,1
2036,83,women,1,1,1
2036,84,men,1,1,1
2036,84,women,1,1,1
2036,85,men,1,1,1
2036,85,women,1,1,1
2036,86,men,1,1,1
2036,86,women,1,1,1
2036,87,men,1,1,1
2036,87,women,1,1,1
2036,88,men,1,1,1
2036,88,women,1,1,1
2036,89,men,1,1,1
2036,89,women,1,1,1
2036,90,men,1,1,1
2036,90,women,1,1,1
2036,91,men,1,1,1
2036,91,women,1,1,1
2036,92,men,1,1,1
2036,92,women,1,1,1
2036,93,men,1,1,1
2036,93,women,1,1,1
2036,94,men,1,1,1
2036,94,women,1,1,1
2036,95,men,1,1,1
2036,95,women,1,1,1
2036,96,men,1,1,1
2036,96,women,1,1,1
2036,97,men,1,1,1
2036,97,women,1,1,1
2036,98,men,1,1,1
2036,98,women,1,1,1
2036,99,men,1,1,1
2036,99,women,1,1,1
2037,50,men,1,1,1
2037,50,women,1,1,1
2037,51,men,1,1,1
2037,51,women,1,1,1
2037,52,men,1,1,1
2037,52,women,1,1,1
2037,53,men,1,1,1
2037,53,women,1,1,1
2037,54,men,1,1,1
2037,54,women,1,1,1
2037,55,men,1,1,1
2037,55,women,1,1,1
2037,56,men,1,1,1
2037,56,women,1,1,1
2037,57,men,1,1,1
2037,57,women,1,1,1
2037,58,men,1,1,1
2037,58,women,1,1,1
2037,59,men,1,1,1
2037,59,women,1,1,1
2037,60,men,1,1,1
2037,60,women,1,1,1
2037,61,men,1,1,1
2037,61,women,1,1,1
2037,62,men,1,1,1
2037,62,women,1,1,1
2037,63,men,1,1,1
2037,63,women,1,1,1
2037,64,men,1,1,1
2037,64,women,1,1,1
2037,65,men,1,1,1
2037,65,women,1,1,1
2037,66,men,1,1,1
2037,66,women,1,1,1
2037,67,men,1,1,1
2037,67,women,1,1,1
2037,68,men,1,1,1
2037,68,women,1,1,1
2037,69,men,1,1,1
2037,69,women,1,1,1
2037,70,men,1,1,1
2037,70,women,1,1,1
2037,71,men,1,1,1
2037,71,women,1,1,1
2037,72,men,1,1,1
2037,72,women,1,1,1
2037,73,men,1,1,1
2037,73,women,1,1,1
2037,74,men,1,1,1
2037,74,women,1,1,1
2037,75,men,1,1,1
2037,75,women,1,1,1
2037,76,men,1,1,1
2037,76,women,1,1,1
2037,77,men,1,1,1
2037,77,women,1,1,1
2037,78,men,1,1,1
2037,78,women,1,1,1
2037,79,men,1,1,1
2037,79,women,1,1,1
2037,80,men,1,1,1
2037,80,women,1,1,1
2037,81,men,1,1,1
2037,81,women,1,1,1
2037,82,men,1,1,1
2037,82,women,1,1,1
2037,83,men,1,1,1
2037,83,women,1,1,1
2037,84,men,1,1,1
2037,84,women,1,1,1
2037,85,men,1,1,1
2037,85,women,1,1,1
2037,86,men,1,1,1
2037,86,women,1,1,1
2037,87,men,1,1,1
2037,87,women,1,1,1
2037,88,men,1,1,1
2037,88,women,1,1,1
2037,89,men,1,1,1
2037,89,women,1,1,1
2037,90,men,1,1,1
2037,90,women,1,1,1
2037,91,men,1,1,1
2037,91,women,1,1,1
2037,92,men,1,1,1
2037,92,women,1,1,1
2037,93,men,1,1,1
2037,93,women,1,1,1
2037,94,men,1,1,1
2037,94,women,1,1,1
2037,95,men,1,1,1
2037,95,women,1,1,1
2037,96,men,1,1,1
2037,96,women,1,1,1
2037,97,men,1,1,1
2037,97,women,1,1,1
2037,98,men,1,1,1
2037,98,women,1,1,1
2037,99,men,1,1,1
2037,99,women,1,1,1
2038,50,men,1,1,1
2038,50,women,1,1,1
2038,51,men,1,1,1
2038,51,women,1,1,1
2038,52,men,1,1,1
2038,52,women,1,1,1
2038,53,men,1,1,1
2038,53,women,1,1,1
2038,54,men,1,1,1
2038,54,women,1,1,1
2038,55,men,1,1,1
2038,55,women,1,1,1
2038,56,men,1,1,1
2038,56,women,1,1,1
2038,57,men,1,1,1
2038,57,women,1,1,1
2038,58,men,1,1,1
2038,58,women,1,1,1
2038,59,men,1,1,1
2038,59,women,1,1,1
2038,60,men,1,1,1
2038,60,women,1,1,1
2038,61,men,1,1,1
2038,61,women,1,1,1
2038,62,men,1,1,1
2038,62,women,1,1,1
2038,63,men,1,1,1
2038,63,women,1,1,1
2038,64,men,1,1,1
2038,64,women,1,1,1
2038,65,men,1,1,1
2038,65,women,1,1,1
2038,66,men,1,1,1
2038,66,women,1,1,1
2038,67,men,1,1,1
2038,67,women,1,1,1
2038,68,men,1,1,1
2038,68,women,1,1,1
2038,69,men,1,1,1
2038,69,women,1,1,1
2038,70,men,1,1,1
2038,70,women,1,1,1
2038,71,men,1,1,1
2038,71,women,1,1,1
2038,72,men,1,1,1
2038,72,women,1,1,1
2038,73,men,1,1,1
2038,73,women,1,1,1
2038,74,men,1,1,1
2038,74,women,1,1,1
2038,75,men,1,1,1
2038,75,women,1,1,1
2038,76,men,1,1,1
2038,76,women,1,1,1
2038,77,men,1,1,1
2038,77,women,1,1,1
2038,78,men,1,1,1
2038,78,women,1,1,1
2038,79,men,1,1,1
2038,79,women,1,1,1
2038,80,men,1,1,1
2038,80,women,1,1,1
2038,81,men,1,1,1
2038,81,women,1,1,1
2038,82,men,1,1,1
2038,82,women,1,1,1
2038,83,men,1,1,1
2038,83,women,1,1,1
2038,84,men,1,1,1
2038,84,women,1,1,1
2038,85,men,1,1,1
2038,85,women,1,1,1
2038,86,men,1,1,1
2038,86,women,1,1,1
2038,87,men,1,1,1
2038,87,women,1,1,1
2038,88,men,1,1,1
2038,88,women,1,1,1
2038,89,men,1,1,1
2038,89,women,1,1,1
2038,90,men,1,1,1
2038,90,women,1,1,1
2038,91,men,1,1,1
2038,91,women,1,1,1
2038,92,men,1,1,1
2038,92,women,1,1,1
2038,93,men,1,1,1
2038,93,women,1,1,1
2038,94,men,1,1,1
2038,94,women,1,1,1
2038,95,men,1,1,1
2038,95,women,1,1,1
2038,96,men,1,1,1
2038,96,women,1,1,1
2038,97,men,1,1,1
2038,97,women,1,1,1
2038,98,men,1,1,1
2038,98,women,1,1,1
2038,99,men,1,1,1
2038,99,women,1,1,1
2039,50,men,1,1,1
2039,50,women,1,1,1
2039,51,men,1,1,1
2039,51,women,1,1,1
2039,52,men,1,1,1
2039,52,women,1,1,1
2039,53,men,1,1,1
2039,53,women,1,1,1
2039,54,men,1,1,1
2039,54,women,1,1,1
2039,55,men,1,1,1
2039,55,women,1,1,1
2039,56,men,1,1,1
2039,56,women,1,1,1
2039,57,men,1,1,1
2039,57,women,1,1,1
2039,58,men,1,1,1
2039,58,women,1,1,1
2039,59,men,1,1,1
2039,59,women,1,1,1
2039,60,men,1,1,1
2039,60,women,1,1,1
2039,61,men,1,1,1
2039,61,women,1,1,1
2039,62,men,1,1,1
2039,62,women,1,1,1
2039,63,men,1,1,1
2039,63,women,1,1,1
2039,64,men,1,1,1
2039,64,women,1,1,1
2039,65,men,1,1,1
2039,65,women,1,1,1
2039,66,men,1,1,1
2039,66,women,1,1,1
2039,67,men,1,1,1
2039,67,women,1,1,1
2039,68,men,1,1,1
2039,68,women,1,1,1
2039,69,men,1,1,1
2039,69,women,1,1,1
2039,70,men,1,1,1
2039,70,women,1,1,1
2039,71,men,1,1,1
2039,71,women,1,1,1
2039,72,men,1,1,1
2039,72,women,1,1,1
2039,73,men,1,1,1
2039,73,women,1,1,1
2039,74,men,1,1,1
2039,74,women,1,1,1
2039,75,men,1,1,1
2039,75,women,1,1,1
2039,76,men,1,1,1
2039,76,women,1,1,1
2039,77,men,1,1,1
2039,77,women,1,1,1
2039,78,men,1,1,1
2039,78,women,1,1,1
2039,79,men,1,1,1
2039,79,women,1,1,1
2039,80,men,1,1,1
2039,80,women,1,1,1
2039,81,men,1,1,1
2039,81,women,1,1,1
2039,82,men,1,1,1
2039,82,women,1,1,1
2039,83,men,1,1,1
2039,83,women,1,1,1
2039,84,men,1,1,1
2039,84,women,1,1,1
2039,85,men,1,1,1
2039,85,women,1,1,1
2039,86,men,1,1,1
2039,86,women,1,1,1
2039,87,men,1,1,1
2039,87,women,1,1,1
2039,88,men,1,1,1
2039,88,women,1,1,1
2039,89,men,1,1,1
2039,89,women,1,1,1
2039,90,men,1,1,1
2039,90,women,1,1,1
2039,91,men,1,1,1
2039,91,women,1,1,1
2039,92,men,1,1,1
2039,92,women,1,1,1
2039,93,men,1,1,1
2039,93,women,1,1,1
2039,94,men,1,1,1
2039,94,women,1,1,1
2039,95,men,1,1,1
2039,95,women,1,1,1
2039,96,men,1,1,1
2039,96,women,1,1,1
2039,97,men,1,1,1
2039,97,women,1,1,1
2039,98,men,1,1,1
2039,98,women,1,1,1
2039,99,men,1,1,1
2039,99,women,1,1,1
2040,50,men,1,1,1
2040,50,women,1,1,1
2040,51,men,1,1,1
2040,51,women,1,1,1
2040,52,men,1,1,1
2040,52,women,1,1,1
2040,53,men,1,1,1
2040,53,women,1,1,1
2040,54,men,1,1,1
2040,54,women,1,1,1
2040,55,men,1,1,1
2040,55,women,1,1,1
2040,56,men,1,1,1
2040,56,women,1,1,1
2040,57,men,1,1,1
2040,57,women,1,1,1
2040,58,men,1,1,1
2040,58,women,1,1,1
2040,59,men,1,1,1
2040,59,women,1,1,1
2040,60,men,1,1,1
2040,60,women,1,1,1
2040,61,men,1,1,1
2040,61,women,1,1,1
2040,62,men,1,1,1
2040,62,women,1,1,1
2040,63,men,1,1,1
2040,63,women,1,1,1
2040,64,men,1,1,1
2040,64,women,1,1,1
2040,65,men,1,1,1
2040,65,women,1,1,1
2040,66,men,1,1,1
2040,66,women,1,1,1
2040,67,men,1,1,1
2040,67,women,1,1,1
2040,68,men,1,1,1
2040,68,women,1,1,1
2040,69,men,1,1,1
2040,69,women,1,1,1
2040,70,men,1,1,1
2040,70,women,1,1,1
2040,71,men,1,1,1
2040,71,women,1,1,1
2040,72,men,1,1,1
2040,72,women,1,1,1
2040,73,men,1,1,1
2040,73,women,1,1,1
2040,74,men,1,1,1
2040,74,women,1,1,1
2040,75,men,1,1,1
2040,75,women,1,1,1
2040,76,men,1,1,1
2040,76,women,1,1,1
2040,77,men,1,1,1
2040,77,women,1,1,1
2040,78,men,1,1,1
2040,78,women,1,1,1
2040,79,men,1,1,1
2040,79,women,1,1,1
2040,80,men,1,1,1
2040,80,women,1,1,1
2040,81,men,1,1,1
2040,81,women,1,1,1
2040,82,men,1,1,1
2040,82,women,1,1,1
2040,83,men,1,1,1
2040,83,women,1,1,1
2040,84,men,1,1,1
2040,84,women,1,1,1
2040,85,men,1,1,1
2040,85,women,1,1,1
2040,86,men,1,1,1
2040,86,women,1,1,1
2040,87,men,1,1,1
2040,87,women,1,1,1
2040,88,men,1,1,1
2040,88,women,1,1,1
2040,89,men,1,1,1
2040,89,women,1,1,1
2040,90,men,1,1,1
2040,90,women,1,1,1
2040,91,men,1,1,1
2040,91,women,1,1,1
2040,92,men,1,1,1
2040,92,women,1,1,1
2040,93,men,1,1,1
2040,93,women,1,1,1
2040,94,men,1,1,1
2040,94,women,1,1,1
2040,95,men,1,1,1
2040,95,women,1,1,1
2040,96,men,1,1,1
2040,96,women,1,1,1
2040,97,men,1,1,1
2040,97,women,1,1,1
2040,98,men,1,1,1
2040,98,women,1,1,1
2040,99,men,1,1,1
2040,99,women,1,1,1
2041,50,men,1,1,1
2041,50,women,1,1,1
2041,51,men,1,1,1
2041,51,women,1,1,1
2041,52,men,1,1,1
2041,52,women,1,1,1
2041,53,men,1,1,1
2041,53,women,1,1,1
2041,54,men,1,1,1
2041,54,women,1,1,1
2041,55,men,1,1,1
2041,55,women,1,1,1
2041,56,men,1,1,1
2041,56,women,1,1,1
2041,57,men,1,1,1
2041,57,women,1,1,1
2041,58,men,1,1,1
2041,58,women,1,1,1
2041,59,men,1,1,1
2041,59,women,1,1,1
2041,60,men,1,1,1
2041,60,women,1,1,1
2041,61,men,1,1,1
2041,61,women,1,1,1
2041,62,men,1,1,1
2041,62,women,1,1,1
2041,63,men,1,1,1
2041,63,women,1,1,1
2041,64,men,1,1,1
2041,64,women,1,1,1
2041,65,men,1,1,1
2041,65,women,1,1,1
2041,66,men,1,1,1
2041,66,women,1,1,1
2041,67,men,1,1,1
2041,67,women,1,1,1
2041,68,men,1,1,1
2041,68,women,1,1,1
2041,69,men,1,1,1
2041,69,women,1,1,1
2041,70,men,1,1,1
2041,70,women,1,1,1
2041,71,men,1,1,1
2041,71,women,1,1,1
2041,72,men,1,1,1
2041,72,women,1,1,1
2041,73,men,1,1,1
2041,73,women,1,1,1
2041,74,men,1,1,1
2041,74,women,1,1,1
2041,75,men,1,1,1
2041,75,women,1,1,1
2041,76,men,1,1,1
2041,76,women,1,1,1
2041,77,men,1,1,1
2041,77,women,1,1,1
2041,78,men,1,1,1
2041,78,women,1,1,1
2041,79,men,1,1,1
2041,79,women,1,1,1
2041,80,men,1,1,1
2041,80,women,1,1,1
2041,81,men,1,1,1
2041,81,women,1,1,1
2041,82,men,1,1,1
2041,82,women,1,1,1
2041,83,men,1,1,1
2041,83,women,1,1,1
2041,84,men,1,1,1
2041,84,women,1,1,1
2041,85,men,1,1,1
2041,85,women,1,1,1
2041,86,men,1,1,1
2041,86,women,1,1,1
2041,87,men,1,1,1
2041,87,women,1,1,1
2041,88,men,1,1,1
2041,88,women,1,1,1
2041,89,men,1,1,1
2041,89,women,1,1,1
2041,90,men,1,1,1
2041,90,women,1,1,1
2041,91,men,1,1,1
2041,91,women,1,1,1
2041,92,men,1,1,1
2041,92,women,1,1,1
2041,93,men,1,1,1
2041,93,women,1,1,1
2041,94,men,1,1,1
2041,94,women,1,1,1
2041,95,men,1,1,1
2041,95,women,1,1,1
2041,96,men,1,1,1
2041,96,women,1,1,1
2041,97,men,1,1,1
2041,97,women,1,1,1
2041,98,men,1,1,1
2041,98,women,1,1,1
2041,99,men,1,1,1
2041,99,women,1,1,1
2042,50,men,1,1,1
2042,50,women,1,1,1
2042,51,men,1,1,1
2042,51,women,1,1,1
2042,52,men,1,1,1
2042,52,women,1,1,1
2042,53,men,1,1,1
2042,53,women,1,1,1
2042,54,men,1,1,1
2042,54,women,1,1,1
2042,55,men,1,1,1
2042,55,women,1,1,1
2042,56,men,1,1,1
2042,56,women,1,1,1
2042,57,men,1,1,1
2042,57,women,1,1,1
2042,58,men,1,1,1
2042,58,women,1,1,1
2042,59,men,1,1,1
2042,59,women,1,1,1
2042,60,men,1,1,1
2042,60,women,1,1,1
2042,61,men,1,1,1
2042,61,women,1,1,1
2042,62,men,1,1,1
2042,62,women,1,1,1
2042,63,men,1,1,1
2042,63,women,1,1,1
2042,64,men,1,1,1
2042,64,women,1,1,1
2042,65,men,1,1,1
2042,65,women,1,1,1
2042,66,men,1,1,1
2042,66,women,1,1,1
2042,67,men,1,1,1
2042,67,women,1,1,1
2042,68,men,1,1,1
2042,68,women,1,1,1
2042,69,men,1,1,1
2042,69,women,1,1,1
2042,70,men,1,1,1
2042,70,women,1,1,1
2042,71,men,1,1,1
2042,71,women,1,1,1
2042,72,men,1,1,1
2042,72,women,1,1,1
2042,73,men,1,1,1
2042,73,women,1,1,1
2042,74,men,1,1,1
2042,74,women,1,1,1
2042,75,men,1,1,1
2042,75,women,1,1,1
2042,76,men,1,1,1
2042,76,women,1,1,1
2042,77,men,1,1,1
2042,77,women,1,1,1
2042,78,men,1,1,1
2042,78,women,1,1,1
2042,79,men,1,1,1
2042,79,women,1,1,1
2042,80,men,1,1,1
2042,80,women,1,1,1
2042,81,men,1,1,1
2042,81,women,1,1,1
2042,82,men,1,1,1
2042,82,women,1,1,1
2042,83,men,1,1,1
2042,83,women,1,1,1
2042,84,men,1,1,1
2042,84,women,1,1,1
2042,85,men,1,1,1
2042,85,women,1,1,1
2042,86,men,1,1,1
2042,86,women,1,1,1
2042,87,men,1,1,1
2042,87,women,1,1,1
2042,88,men,1,1,1
2042,88,women,1,1,1
2042,89,men,1,1,1
2042,89,women,1,1,1
2042,90,men,1,1,1
2042,90,women,1,1,1
2042,91,men,1,1,1
2042,91,women,1,1,1
2042,92,men,1,1,1
2042,92,women,1,1,1
2042,93,men,1,1,1
2042,93,women,1,1,1
2042,94,men,1,1,1
2042,94,women,1,1,1
2042,95,men,1,1,1
2042,95,women,1,1,1
2042,96,men,1,1,1
2042,96,women,1,1,1
2042,97,men,1,1,1
2042,97,women,1,1,1
2042,98,men,1,1,1
2042,98,women,1,1,1
2042,99,men,1,1,1
2042,99,women,1,1,1
2043,50,men,1,1,1
2043,50,women,1,1,1
2043,51,men,1,1,1
2043,51,women,1,1,1
2043,52,men,1,1,1
2043,52,women,1,1,1
2043,53,men,1,1,1
2043,53,women,1,1,1
2043,54,men,1,1,1
2043,54,women,1,1,1
2043,55,men,1,1,1
2043,55,women,1,1,1
2043,56,men,1,1,1
2043,56,women,1,1,1
2043,57,men,1,1,1
2043,57,women,1,1,1
2043,58,men,1,1,1
2043,58,women,1,1,1
2043,59,men,1,1,1
2043,59,women,1,1,1
2043,60,men,1,1,1
2043,60,women,1,1,1
2043,61,men,1,1,1
2043,61,women,1,1,1
2043,62,men,1,1,1
2043,62,women,1,1,1
2043,63,men,1,1,1
2043,63,women,1,1,1
2043,64,men,1,1,1
2043,64,women,1,1,1
2043,65,men,1,1,1
2043,65,women,1,1,1
2043,66,men,1,1,1
2043,66,women,1,1,1
2043,67,men,1,1,1
2043,67,women,1,1,1
2043,68,men,1,1,1
2043,68,women,1,1,1
2043,69,men,1,1,1
2043,69,women,1,1,1
2043,70,men,1,1,1
2043,70,women,1,1,1
2043,71,men,1,1,1
2043,71,women,1,1,1
2043,72,men,1,1,1
2043,72,women,1,1,1
2043,73,men,1,1,1
2043,73,women,1,1,1
2043,74,men,1,1,1
2043,74,women,1,1,1
2043,75,men,1,1,1
2043,75,women,1,1,1
2043,76,men,1,1,1
2043,76,women,1,1,1
2043,77,men,1,1,1
2043,77,women,1,1,1
2043,78,men,1,1,1
2043,78,women,1,1,1
2043,79,men,1,1,1
2043,79,women,1,1,1
2043,80,men,1,1,1
2043,80,women,1,1,1
2043,81,men,1,1,1
2043,81,women,1,1,1
2043,82,men,1,1,1
2043,82,women,1,1,1
2043,83,men,1,1,1
2043,83,women,1,1,1
2043,84,men,1,1,1
2043,84,women,1,1,1
2043,85,men,1,1,1
2043,85,women,1,1,1
2043,86,men,1,1,1
2043,86,women,1,1,1
2043,87,men,1,1,1
2043,87,women,1,1,1
2043,88,men,1,1,1
2043,88,women,1,1,1
2043,89,men,1,1,1
2043,89,women,1,1,1
2043,90,men,1,1,1
2043,90,women,1,1,1
2043,91,men,1,1,1
2043,91,women,1,1,1
2043,92,men,1,1,1
2043,92,women,1,1,1
2043,93,men,1,1,1
2043,93,women,1,1,1
2043,94,men,1,1,1
2043,94,women,1,1,1
2043,95,men,1,1,1
2043,95,women,1,1,1
2043,96,men,1,1,1
2043,96,women,1,1,1
2043,97,men,1,1,1
2043,97,women,1,1,1
2043,98,men,1,1,1
2043,98,women,1,1,1
2043,99,men,1,1,1
2043,99,women,1,1,1
2044,50,men,1,1,1
2044,50,women,1,1,1
2044,51,men,1,1,1
2044,51,women,1,1,1
2044,52,men,1,1,1
2044,52,women,1,1,1
2044,53,men,1,1,1
2044,53,women,1,1,1
2044,54,men,1,1,1
2044,54,women,1,1,1
2044,55,men,1,1,1
2044,55,women,1,1,1
2044,56,men,1,1,1
2044,56,women,1,1,1
2044,57,men,1,1,1
2044,57,women,1,1,1
2044,58,men,1,1,1
2044,58,women,1,1,1
2044,59,men,1,1,1
2044,59,women,1,1,1
2044,60,men,1,1,1
2044,60,women,1,1,1
2044,61,men,1,1,1
2044,61,women,1,1,1
2044,62,men,1,1,1
2044,62,women,1,1,1
2044,63,men,1,1,1
2044,63,women,1,1,1
2044,64,men,1,1,1
2044,64,women,1,1,1
2044,65,men,1,1,1
2044,65,women,1,1,1
2044,66,men,1,1,1
2044,66,women,1,1,1
2044,67,men,1,1,1
2044,67,women,1,1,1
2044,68,men,1,1,1
2044,68,women,1,1,1
2044,69,men,1,1,1
2044,69,women,1,1,1
2044,70,men,1,1,1
2044,70,women,1,1,1
2044,71,men,1,1,1
2044,71,women,1,1,1
2044,72,men,1,1,1
2044,72,women,1,1,1
2044,73,men,1,1,1
2044,73,women,1,1,1
2044,74,men,1,1,1
2044,74,women,1,1,1
2044,75,men,1,1,1
2044,75,women,1,1,1
2044,76,men,1,1,1
2044,76,women,1,1,1
2044,77,men,1,1,1
2044,77,women,1,1,1
2044,78,men,1,1,1
2044,78,women,1,1,1
2044,79,men,1,1,1
2044,79,women,1,1,1
2044,80,men,1,1,1
2044,80,women,1,1,1
2044,81,men,1,1,1
2044,81,women,1,1,1
2044,82,men,1,1,1
2044,82,women,1,1,1
2044,83,men,1,1,1
2044,83,women,1,1,1
2044,84,men,1,1,1
2044,84,women,1,1,1
2044,85,men,1,1,1
2044,85,women,1,1,1
2044,86,men,1,1,1
2044,86,women,1,1,1
2044,87,men,1,1,1
2044,87,women,1,1,1
2044,88,men,1,1,1
2044,88,women,1,1,1
2044,89,men,1,1,1
2044,89,women,1,1,1
2044,90,men,1,1,1
2044,90,women,1,1,1
2044,91,men,1,1,1
2044,91,women,1,1,1
2044,92,men,1,1,1
2044,92,women,1,1,1
2044,93,men,1,1,1
2044,93,women,1,1,1
2044,94,men,1,1,1
2044,94,women,1,1,1
2044,95,men,1,1,1
2044,95,women,1,1,1
2044,96,men,1,1,1
2044,96,women,1,1,1
2044,97,men,1,1,1
2044,97,women,1,1,1
2044,98,men,1,1,1
2044,98,women,1,1,1
2044,99,men,1,1,1
2044,99,women,1,1,1
2045,50,men,1,1,1
2045,50,women,1,1,1
2045,51,men,1,1,1
2045,51,women,1,1,1
2045,52,men,1,1,1
2045,52,women,1,1,1
2045,53,men,1,1,1
2045,53,women,1,1,1
2045,54,men,1,1,1
2045,54,women,1,1,1
2045,55,men,1,1,1
2045,55,women,1,1,1
2045,56,men,1,1,1
2045,56,women,1,1,1
2045,57,men,1,1,1
2045,57,women,1,1,1
2045,58,men,1,1,1
2045,58,women,1,1,1
2045,59,men,1,1,1
2045,59,women,1,1,1
2045,60,men,1,1,1
2045,60,women,1,1,1
2045,61,men,1,1,1
2045,61,women,1,1,1
2045,62,men,1,1,1
2045,62,women,1,1,1
2045,63,men,1,1,1
2045,63,women,1,1,1
2045,64,men,1,1,1
2045,64,women,1,1,1
2045,65,men,1,1,1
2045,65,women,1,1,1
2045,66,men,1,1,1
2045,66,women,1,1,1
2045,67,men,1,1,1
2045,67,women,1,1,1
2045,68,men,1,1,1
2045,68,women,1,1,1
2045,69,men,1,1,1
2045,69,women,1,1,1
2045,70,men,1,1,1
2045,70,women,1,1,1
2045,71,men,1,1,1
2045,71,women,1,1,1
2045,72,men,1,1,1
2045,72,women,1,1,1
2045,73,men,1,1,1
2045,73,women,1,1,1
2045,74,men,1,1,1
2045,74,women,1,1,1
2045,75,men,1,1,1
2045,75,women,1,1,1
2045,76,men,1,1,1
2045,76,women,1,1,1
2045,77,men,1,1,1
2045,77,women,1,1,1
2045,78,men,1,1,1
2045,78,women,1,1,1
2045,79,men,1,1,1
2045,79,women,1,1,1
2045,80,men,1,1,1
2045,80,women,1,1,1
2045,81,men,1,1,1
2045,81,women,1,1,1
2045,82,men,1,1,1
2045,82,women,1,1,1
2045,83,men,1,1,1
2045,83,women,1,1,1
2045,84,men,1,1,1
2045,84,women,1,1,1
2045,85,men,1,1,1
2045,85,women,1,1,1
2045,86,men,1,1,1
2045,86,women,1,1,1
2045,87,men,1,1,1
2045,87,women,1,1,1
2045,88,men,1,1,1
2045,88,women,1,1,1
2045,89,men,1,1,1
2045,89,women,1,1,1
2045,90,men,1,1,1
2045,90,women,1,1,1
2045,91,men,1,1,1
2045,91,women,1,1,1
2045,92,men,1,1,1
2045,92,women,1,1,1
2045,93,men,1,1,1
2045,93,women,1,1,1
2045,94,men,1,1,1
2045,94,women,1,1,1
2045,95,men,1,1,1
2045,95,women,1,1,1
2045,96,men,1,1,1
2045,96,women,1,1,1
2045,97,men,1,1,1
2045,97,women,1,1,1
2045,98,men,1,1,1
2045,98,women,1,1,1
2045,99,men,1,1,1
2045,99,women,1,1,1
2046,50,men,1,1,1
2046,50,women,1,1,1
2046,51,men,1,1,1
2046,51,women,1,1,1
2046,52,men,1,1,1
2046,52,women,1,1,1
2046,53,men,1,1,1
2046,53,women,1,1,1
2046,54,men,1,1,1
2046,54,women,1,1,1
2046,55,men,1,1,1
2046,55,women,1,1,1
2046,56,men,1,1,1
2046,56,women,1,1,1
2046,57,men,1,1,1
2046,57,women,1,1,1
2046,58,men,1,1,1
2046,58,women,1,1,1
2046,59,men,1,1,1
2046,59,women,1,1,1
2046,60,men,1,1,1
2046,60,women,1,1,1
2046,61,men,1,1,1
2046,61,women,1,1,1
2046,62,men,1,1,1
2046,62,women,1,1,1
2046,63,men,1,1,1
2046,63,women,1,1,1
2046,64,men,1,1,1
2046,64,women,1,1,1
2046,65,men,1,1,1
2046,65,women,1,1,1
2046,66,men,1,1,1
2046,66,women,1,1,1
2046,67,men,1,1,1
2046,67,women,1,1,1
2046,68,men,1,1,1
2046,68,women,1,1,1
2046,69,men,1,1,1
2046,69,women,1,1,1
2046,70,men,1,1,1
2046,70,women,1,1,1
2046,71,men,1,1,1
2046,71,women,1,1,1
2046,72,men,1,1,1
2046,72,women,1,1,1
2046,73,men,1,1,1
2046,73,women,1,1,1
2046,74,men,1,1,1
2046,74,women,1,1,1
2046,75,men,1,1,1
2046,75,women,1,1,1
2046,76,men,1,1,1
2046,76,women,1,1,1
2046,77,men,1,1,1
2046,77,women,1,1,1
2046,78,men,1,1,1
2046,78,women,1,1,1
2046,79,men,1,1,1
2046,79,women,1,1,1
2046,80,men,1,1,1
2046,80,women,1,1,1
2046,81,men,1,1,1
2046,81,women,1,1,1
2046,82,men,1,1,1
2046,82,women,1,1,1
2046,83,men,1,1,1
2046,83,women,1,1,1
2046,84,men,1,1,1
2046,84,women,1,1,1
2046,85,men,1,1,1
2046,85,women,1,1,1
2046,86,men,1,1,1
2046,86,women,1,1,1
2046,87,men,1,1,1
2046,87,women,1,1,1
2046,88,men,1,1,1
2046,88,women,1,1,1
2046,89,men,1,1,1
2046,89,women,1,1,1
2046,90,men,1,1,1
2046,90,women,1,1,1
2046,91,men,1,1,1
2046,91,women,1,1,1
2046,92,men,1,1,1
2046,92,women,1,1,1
2046,93,men,1,1,1
2046,93,women,1,1,1
2046,94,men,1,1,1
2046,94,women,1,1,1
2046,95,men,1,1,1
2046,95,women,1,1,1
2046,96,men,1,1,1
2046,96,women,1,1,1
2046,97,men,1,1,1
2046,97,women,1,1,1
2046,98,men,1,1,1
2046,98,women,1,1,1
2046,99,men,1,1,1
2046,99,women,1,1,1
2047,50,men,1,1,1
2047,50,women,1,1,1
2047,51,men,1,1,1
2047,51,women,1,1,1
2047,52,men,1,1,1
2047,52,women,1,1,1
2047,53,men,1,1,1
2047,53,women,1,1,1
2047,54,men,1,1,1
2047,54,women,1,1,1
2047,55,men,1,1,1
2047,55,women,1,1,1
2047,56,men,1,1,1
2047,56,women,1,1,1
2047,57,men,1,1,1
2047,57,women,1,1,1
2047,58,men,1,1,1
2047,58,women,1,1,1
2047,59,men,1,1,1
2047,59,women,1,1,1
2047,60,men,1,1,1
2047,60,women,1,1,1
2047,61,men,1,1,1
2047,61,women,1,1,1
2047,62,men,1,1,1
2047,62,women,1,1,1
2047,63,men,1,1,1
2047,63,women,1,1,1
2047,64,men,1,1,1
2047,64,women,1,1,1
2047,65,men,1,1,1
2047,65,women,1,1,1
2047,66,men,1,1,1
2047,66,women,1,1,1
2047,67,men,1,1,1
2047,67,women,1,1,1
2047,68,men,1,1,1
2047,68,women,1,1,1
2047,69,men,1,1,1
2047,69,women,1,1,1
2047,70,men,1,1,1
2047,70,women,1,1,1
2047,71,men,1,1,1
2047,71,women,1,1,1
2047,72,men,1,1,1
2047,72,women,1,1,1
2047,73,men,1,1,1
2047,73,women,1,1,1
2047,74,men,1,1,1
2047,74,women,1,1,1
2047,75,men,1,1,1
2047,75,women,1,1,1
2047,76,men,1,1,1
2047,76,women,1,1,1
2047,77,men,1,1,1
2047,77,women,1,1,1
2047,78,men,1,1,1
2047,78,women,1,1,1
2047,79,men,1,1,1
2047,79,women,1,1,1
2047,80,men,1,1,1
2047,80,women,1,1,1
2047,81,men,1,1,1
2047,81,women,1,1,1
2047,82,men,1,1,1
2047,82,women,1,1,1
2047,83,men,1,1,1
2047,83,women,1,1,1
2047,84,men,1,1,1
2047,84,women,1,1,1
2047,85,men,1,1,1
2047,85,women,1,1,1
2047,86,men,1,1,1
2047,86,women,1,1,1
2047,87,men,1,1,1
2047,87,women,1,1,1
2047,88,men,1,1,1
2047,88,women,1,1,1
2047,89,men,1,1,1
2047,89,women,1,1,1
2047,90,men,1,1,1
2047,90,women,1,1,1
2047,91,men,1,1,1
2047,91,women,1,1,1
2047,92,men,1,1,1
2047,92,women,1,1,1
2047,93,men,1,1,1
2047,93,women,1,1,1
2047,94,men,1,1,1
2047,94,women,1,1,1
2047,95,men,1,1,1
2047,95,women,1,1,1
2047,96,men,1,1,1
2047,96,women,1,1,1
2047,97,men,1,1,1
2047,97,women,1,1,1
2047,98,men,1,1,1
2047,98,women,1,1,1
2047,99,men,1,1,1
2047,99,women,1,1,1
2048,50,men,1,1,1
2048,50,women,1,1,1
2048,51,men,1,1,1
2048,51,women,1,1,1
2048,52,men,1,1,1
2048,52,women,1,1,1
2048,53,men,1,1,1
2048,53,women,1,1,1
2048,54,men,1,1,1
2048,54,women,1,1,1
2048,55,men,1,1,1
2048,55,women,1,1,1
2048,56,men,1,1,1
2048,56,women,1,1,1
2048,57,men,1,1,1
2048,57,women,1,1,1
2048,58,men,1,1,1
2048,58,women,1,1,1
2048,59,men,1,1,1
2048,59,women,1,1,1
2048,60,men,1,1,1
2048,60,women,1,1,1
2048,61,men,1,1,1
2048,61,women,1,1,1
2048,62,men,1,1,1
2048,62,women,1,1,1
2048,63,men,1,1,1
2048,63,women,1,1,1
2048,64,men,1,1,1
2048,64,women,1,1,1
2048,65,men,1,1,1
2048,65,women,1,1,1
2048,66,men,1,1,1
2048,66,women,1,1,1
2048,67,men,1,1,1
2048,67,women,1,1,1
2048,68,men,1,1,1
2048,68,women,1,1,1
2048,69,men,1,1,1
2048,69,women,1,1,1
2048,70,men,1,1,1
2048,70,women,1,1,1
2048,71,men,1,1,1
2048,71,women,1,1,1
2048,72,men,1,1,1
2048,72,women,1,1,1
2048,73,men,1,1,1
2048,73,women,1,1,1
2048,74,men,1,1,1
2048,74,women,1,1,1
2048,75,men,1,1,1
2048,75,women,1,1,1
2048,76,men,1,1,1
2048,76,women,1,1,1
2048,77,men,1,1,1
2048,77,women,1,1,1
2048,78,men,1,1,1
2048,78,women,1,1,1
2048,79,men,1,1,1
2048,79,women,1,1,1
2048,80,men,1,1,1
2048,80,women,1,1,1
2048,81,men,1,1,1
2048,81,women,1,1,1
2048,82,men,1,1,1
2048,82,women,1,1,1
2048,83,men,1,1,1
2048,83,women,1,1,1
2048,84,men,1,1,1
2048,84,women,1,1,1
2048,85,men,1,1,1
2048,85,women,1,1,1
2048,86,men,1,1,1
2048,86,women,1,1,1
2048,87,men,1,1,1
2048,87,women,1,1,1
2048,88,men,1,1,1
2048,88,women,1,1,1
2048,89,men,1,1,1
2048,89,women,1,1,1
2048,90,men,1,1,1
2048,90,women,1,1,1
2048,91,men,1,1,1
2048,91,women,1,1,1
2048,92,men,1,1,1
2048,92,women,1,1,1
2048,93,men,1,1,1
2048,93,women,1,1,1
2048,94,men,1,1,1
2048,94,women,1,1,1
2048,95,men,1,1,1
2048,95,women,1,1,1
2048,96,men,1,1,1
2048,96,women,1,1,1
2048,97,men,1,1,1
2048,97,women,1,1,1
2048,98,men,1,1,1
2048,98,women,1,1,1
2048,99,men,1,1,1
2048,99,women,1,1,1
2049,50,men,1,1,1
2049,50,women,1,1,1
2049,51,men,1,1,1
2049,51,women,1,1,1
2049,52,men,1,1,1
2049,52,women,1,1,1
2049,53,men,1,1,1
2049,53,women,1,1,1
2049,54,men,1,1,1
2049,54,women,1,1,1
2049,55,men,1,1,1
2049,55,women,1,1,1
2049,56,men,1,1,1
2049,56,women,1,1,1
2049,57,men,1,1,1
2049,57,women,1,1,1
2049,58,men,1,1,1
2049,58,women,1,1,1
2049,59,men,1,1,1
2049,59,women,1,1,1
2049,60,men,1,1,1
2049,60,women,1,1,1
2049,61,men,1,1,1
2049,61,women,1,1,1
2049,62,men,1,1,1
2049,62,women,1,1,1
2049,63,men,1,1,1
2049,63,women,1,1,1
2049,64,men,1,1,1
2049,64,women,1,1,1
2049,65,men,1,1,1
2049,65,women,1,1,1
2049,66,men,1,1,1
2049,66,women,1,1,1
2049,67,men,1,1,1
2049,67,women,1,1,1
2049,68,men,1,1,1
2049,68,women,1,1,1
2049,69,men,1,1,1
2049,69,women,1,1,1
2049,70,men,1,1,1
2049,70,women,1,1,1
2049,71,men,1,1,1
2049,71,women,1,1,1
2049,72,men,1,1,1
2049,72,women,1,1,1
2049,73,men,1,1,1
2049,73,women,1,1,1
2049,74,men,1,1,1
2049,74,women,1,1,1
2049,75,men,1,1,1
2049,75,women,1,1,1
2049,76,men,1,1,1
2049,76,women,1,1,1
2049,77,men,1,1,1
2049,77,women,1,1,1
2049,78,men,1,1,1
2049,78,women,1,1,1
2049,79,men,1,1,1
2049,79,women,1,1,1
2049,80,men,1,1,1
2049,80,women,1,1,1
2049,81,men,1,1,1
2049,81,women,1,1,1
2049,82,men,1,1,1
2049,82,women,1,1,1
2049,83,men,1,1,1
2049,83,women,1,1,1
2049,84,men,1,1,1
2049,84,women,1,1,1
2049,85,men,1,1,1
2049,85,women,1,1,1
2049,86,men,1,1,1
2049,86,women,1,1,1
2049,87,men,1,1,1
2049,87,women,1,1,1
2049,88,men,1,1,1
2049,88,women,1,1,1
2049,89,men,1,1,1
2049,89,women,1,1,1
2049,90,men,1,1,1
2049,90,women,1,1,1
2049,91,men,1,1,1
2049,91,women,1,1,1
2049,92,men,1,1,1
2049,92,women,1,1,1
2049,93,men,1,1,1
2049,93,women,1,1,1
2049,94,men,1,1,1
2049,94,women,1,1,1
2049,95,men,1,1,1
2049,95,women,1,1,1
2049,96,men,1,1,1
2049,96,women,1,1,1
2049,97,men,1,1,1
2049,97,women,1,1,1
2049,98,men,1,1,1
2049,98,women,1,1,1
2049,99,men,1,1,1
2049,99,women,1,1,1
2050,50,men,1,1,1
2050,50,women,1,1,1
2050,51,men,1,1,1
2050,51,women,1,1,1
2050,52,men,1,1,1
2050,52,women,1,1,1
2050,53,men,1,1,1
2050,53,women,1,1,1
2050,54,men,1,1,1
2050,54,women,1,1,1
2050,55,men,1,1,1
2050,55,women,1,1,1
2050,56,men,1,1,1
2050,56,women,1,1,1
2050,57,men,1,1,1
2050,57,women,1,1,1
2050,58,men,1,1,1
2050,58,women,1,1,1
2050,59,men,1,1,1
2050,59,women,1,1,1
2050,60,men,1,1,1
2050,60,women,1,1,1
2050,61,men,1,1,1
2050,61,women,1,1,1
2050,62,men,1,1,1
2050,62,women,1,1,1
2050,63,men,1,1,1
2050,63,women,1,1,1
2050,64,men,1,1,1
2050,64,women,1,1,1
2050,65,men,1,1,1
2050,65,women,1,1,1
2050,66,men,1,1,1
2050,66,women,1,1,1
2050,67,men,1,1,1
2050,67,women,1,1,1
2050,68,men,1,1,1
2050,68,women,1,1,1
2050,69,men,1,1,1
2050,69,women,1,1,1
2050,70,men,1,1,1
2050,70,women,1,1,1
2050,71,men,1,1,1
2050,71,women,1,1,1
2050,72,men,1,1,1
2050,72,women,1,1,1
2050,73,men,1,1,1
2050,73,women,1,1,1
2050,74,men,1,1,1
2050,74,women,1,1,1
2050,75,men,1,1,1
2050,75,women,1,1,1
2050,76,men,1,1,1
2050,76,women,1,1,1
2050,77,men,1,1,1
2050,77,women,1,1,1
2050,78,men,1,1,1
2050,78,women,1,1,1
2050,79,men,1,1,1
2050,79,women,1,1,1
2050,80,men,1,1,1
2050,80,women,1,1,1
2050,81,men,1,1,1
2050,81,women,1,1,1
2050,82,men,1,1,1
2050,82,women,1,1,1
2050,83,men,1,1,1
2050,83,women,1,1,1
2050,84,men,1,1,1
2050,84,women,1,1,1
2050,85,men,1,1,1
2050,85,women,1,1,1
2050,86,men,1,1,1
2050,86,women,1,1,1
2050,87,men,1,1,1
2050,87,women,1,1,1
2050,88,men,1,1,1
2050,88,women,1,1,1
2050,89,men,1,1,1
2050,89,women,1,1,1
2050,90,men,1,1,1
2050,90,women,1,1,1
2050,91,men,1,1,1
2050,91,women,1,1,1
2050,92,men,1,1,1
2050,92,women,1,1,1
2050,93,men,1,1,1
2050,93,women,1,1,1
2050,94,men,1,1,1
2050,94,women,1,1,1
2050,95,men,1,1,1
2050,95,women,1,1,1
2050,96,men,1,1,1
2050,96,women,1,1,1
2050,97,men,1,1,1
2050,97,women,1,1,1
2050,98,men,1,1,1
2050,98,women,1,1,1
2050,99,men,1,1,1
2050,99,women,1,1,1
